"No.","Time","Source","Destination","Protocol","Length","Info"
"1","0.000000","172.19.0.8","172.19.0.7","TCP","80","56716  >  8088 [PSH, ACK] Seq=1 Ack=1 Win=502 Len=14 TSval=2463236738 TSecr=2801550400"
"2","0.030754","172.19.0.7","172.19.0.6","TCP","80","48876  >  8088 [PSH, ACK] Seq=1 Ack=1 Win=502 Len=14 TSval=2398514536 TSecr=1216039258"
"3","0.032412","172.19.0.7","172.19.0.8","TCP","71","8088  >  56716 [PSH, ACK] Seq=1 Ack=15 Win=509 Len=5 TSval=2801565080 TSecr=2463236738"
"4","0.032530","172.19.0.8","172.19.0.7","TCP","66","56716  >  8088 [ACK] Seq=15 Ack=6 Win=502 Len=0 TSval=2463236771 TSecr=2801565080"
"5","0.046358","172.19.0.6","172.19.0.7","TCP","71","8088  >  48876 [PSH, ACK] Seq=1 Ack=15 Win=509 Len=5 TSval=1216053952 TSecr=2398514536"
"6","0.046448","172.19.0.7","172.19.0.6","TCP","66","48876  >  8088 [ACK] Seq=15 Ack=6 Win=502 Len=0 TSval=2398514552 TSecr=1216053952"
"7","2.457347","172.19.0.6","172.19.0.7","TCP","81","8088  >  48876 [PSH, ACK] Seq=6 Ack=15 Win=509 Len=15 TSval=1216056363 TSecr=2398514552"
"8","2.457416","172.19.0.7","172.19.0.6","TCP","66","48876  >  8088 [ACK] Seq=15 Ack=21 Win=502 Len=0 TSval=2398516963 TSecr=1216056363"
"9","2.457724","172.19.0.7","172.19.0.8","TCP","81","8088  >  56716 [PSH, ACK] Seq=6 Ack=15 Win=509 Len=15 TSval=2801567505 TSecr=2463236771"
"10","2.457868","172.19.0.8","172.19.0.7","TCP","66","56716  >  8088 [ACK] Seq=15 Ack=21 Win=502 Len=0 TSval=2463239196 TSecr=2801567505"
"11","2.457987","172.19.0.7","172.19.0.6","TCP","70","48876  >  8088 [PSH, ACK] Seq=15 Ack=21 Win=502 Len=4 TSval=2398516964 TSecr=1216056363 [TCP segment of a reassembled PDU]"
"12","2.459617","172.19.0.8","172.19.0.7","TCP","70","56716  >  8088 [PSH, ACK] Seq=15 Ack=21 Win=502 Len=4 TSval=2463239198 TSecr=2801567505 [TCP segment of a reassembled PDU]"
"13","2.499205","172.19.0.6","172.19.0.7","TCP","66","8088  >  48876 [ACK] Seq=21 Ack=19 Win=509 Len=0 TSval=1216056405 TSecr=2398516964"
"14","2.503150","172.19.0.7","172.19.0.8","TCP","66","8088  >  56716 [ACK] Seq=21 Ack=19 Win=509 Len=0 TSval=2801567551 TSecr=2463239198"
"15","3.457539","172.19.0.6","172.19.0.7","TCP","81","8088  >  48876 [PSH, ACK] Seq=21 Ack=19 Win=509 Len=15 TSval=1216057363 TSecr=2398516964"
"16","3.457599","172.19.0.7","172.19.0.6","TCP","66","48876  >  8088 [ACK] Seq=19 Ack=36 Win=502 Len=0 TSval=2398517963 TSecr=1216057363"
"17","3.457790","172.19.0.7","172.19.0.8","TCP","81","8088  >  56716 [PSH, ACK] Seq=21 Ack=19 Win=509 Len=15 TSval=2801568505 TSecr=2463239198"
"18","3.457884","172.19.0.8","172.19.0.7","TCP","66","56716  >  8088 [ACK] Seq=19 Ack=36 Win=502 Len=0 TSval=2463240196 TSecr=2801568505"
"19","3.458118","172.19.0.8","172.19.0.7","TCP","70","56716  >  8088 [PSH, ACK] Seq=19 Ack=36 Win=502 Len=4 TSval=2463240197 TSecr=2801568505 [TCP segment of a reassembled PDU]"
"20","3.458295","172.19.0.7","172.19.0.8","TCP","66","8088  >  56716 [ACK] Seq=36 Ack=23 Win=509 Len=0 TSval=2801568506 TSecr=2463240197"
"21","3.458346","172.19.0.7","172.19.0.6","TCP","70","48876  >  8088 [PSH, ACK] Seq=19 Ack=36 Win=502 Len=4 TSval=2398517964 TSecr=1216057363 [TCP segment of a reassembled PDU]"
"22","3.458411","172.19.0.6","172.19.0.7","TCP","66","8088  >  48876 [ACK] Seq=36 Ack=23 Win=509 Len=0 TSval=1216057364 TSecr=2398517964"
"23","4.459465","172.19.0.6","172.19.0.7","TCP","81","8088  >  48876 [PSH, ACK] Seq=36 Ack=23 Win=509 Len=15 TSval=1216058365 TSecr=2398517964"
"24","4.459859","172.19.0.7","172.19.0.8","TCP","81","8088  >  56716 [PSH, ACK] Seq=36 Ack=23 Win=509 Len=15 TSval=2801569507 TSecr=2463240197"
"25","4.459976","172.19.0.8","172.19.0.7","TCP","66","56716  >  8088 [ACK] Seq=23 Ack=51 Win=502 Len=0 TSval=2463241198 TSecr=2801569507"
"26","4.460020","172.19.0.7","172.19.0.6","TCP","70","48876  >  8088 [PSH, ACK] Seq=23 Ack=51 Win=502 Len=4 TSval=2398518966 TSecr=1216058365 [TCP segment of a reassembled PDU]"
"27","4.460228","172.19.0.6","172.19.0.7","TCP","66","8088  >  48876 [ACK] Seq=51 Ack=27 Win=509 Len=0 TSval=1216058366 TSecr=2398518966"
"28","4.461032","172.19.0.8","172.19.0.7","TCP","70","56716  >  8088 [PSH, ACK] Seq=23 Ack=51 Win=502 Len=4 TSval=2463241199 TSecr=2801569507 [TCP segment of a reassembled PDU]"
"29","4.461056","172.19.0.7","172.19.0.8","TCP","66","8088  >  56716 [ACK] Seq=51 Ack=27 Win=509 Len=0 TSval=2801569509 TSecr=2463241199"
"30","5.459638","172.19.0.6","172.19.0.7","TCP","81","8088  >  48876 [PSH, ACK] Seq=51 Ack=27 Win=509 Len=15 TSval=1216059365 TSecr=2398518966"
"31","5.460049","172.19.0.7","172.19.0.8","TCP","81","8088  >  56716 [PSH, ACK] Seq=51 Ack=27 Win=509 Len=15 TSval=2801570508 TSecr=2463241199"
"32","5.460222","172.19.0.7","172.19.0.6","TCP","70","48876  >  8088 [PSH, ACK] Seq=27 Ack=66 Win=502 Len=4 TSval=2398519966 TSecr=1216059365 [TCP segment of a reassembled PDU]"
"33","5.460399","172.19.0.6","172.19.0.7","TCP","66","8088  >  48876 [ACK] Seq=66 Ack=31 Win=509 Len=0 TSval=1216059366 TSecr=2398519966"
"34","5.460509","172.19.0.8","172.19.0.7","TCP","70","56716  >  8088 [PSH, ACK] Seq=27 Ack=66 Win=502 Len=4 TSval=2463242199 TSecr=2801570508 [TCP segment of a reassembled PDU]"
"35","5.460562","172.19.0.7","172.19.0.8","TCP","66","8088  >  56716 [ACK] Seq=66 Ack=31 Win=509 Len=0 TSval=2801570508 TSecr=2463242199"
"36","6.459652","172.19.0.6","172.19.0.7","TCP","81","8088  >  48876 [PSH, ACK] Seq=66 Ack=31 Win=509 Len=15 TSval=1216060365 TSecr=2398519966"
"37","6.460039","172.19.0.7","172.19.0.8","TCP","81","8088  >  56716 [PSH, ACK] Seq=66 Ack=31 Win=509 Len=15 TSval=2801571508 TSecr=2463242199"
"38","6.460121","172.19.0.7","172.19.0.6","TCP","70","48876  >  8088 [PSH, ACK] Seq=31 Ack=81 Win=502 Len=4 TSval=2398520966 TSecr=1216060365 [TCP segment of a reassembled PDU]"
"39","6.460338","172.19.0.6","172.19.0.7","TCP","66","8088  >  48876 [ACK] Seq=81 Ack=35 Win=509 Len=0 TSval=1216060366 TSecr=2398520966"
"40","6.460597","172.19.0.8","172.19.0.7","TCP","70","56716  >  8088 [PSH, ACK] Seq=31 Ack=81 Win=502 Len=4 TSval=2463243199 TSecr=2801571508 [TCP segment of a reassembled PDU]"
"41","6.460646","172.19.0.7","172.19.0.8","TCP","66","8088  >  56716 [ACK] Seq=81 Ack=35 Win=509 Len=0 TSval=2801571508 TSecr=2463243199"
"42","7.462195","172.19.0.6","172.19.0.7","TCP","81","8088  >  48876 [PSH, ACK] Seq=81 Ack=35 Win=509 Len=15 TSval=1216061368 TSecr=2398520966"
"43","7.462567","172.19.0.7","172.19.0.8","TCP","81","8088  >  56716 [PSH, ACK] Seq=81 Ack=35 Win=509 Len=15 TSval=2801572510 TSecr=2463243199"
"44","7.462734","172.19.0.7","172.19.0.6","TCP","70","48876  >  8088 [PSH, ACK] Seq=35 Ack=96 Win=502 Len=4 TSval=2398521968 TSecr=1216061368 [TCP segment of a reassembled PDU]"
"45","7.462911","172.19.0.6","172.19.0.7","TCP","66","8088  >  48876 [ACK] Seq=96 Ack=39 Win=509 Len=0 TSval=1216061368 TSecr=2398521968"
"46","7.463264","172.19.0.8","172.19.0.7","TCP","70","56716  >  8088 [PSH, ACK] Seq=35 Ack=96 Win=502 Len=4 TSval=2463244202 TSecr=2801572510 [TCP segment of a reassembled PDU]"
"47","7.463291","172.19.0.7","172.19.0.8","TCP","66","8088  >  56716 [ACK] Seq=96 Ack=39 Win=509 Len=0 TSval=2801572511 TSecr=2463244202"
"48","8.462155","172.19.0.6","172.19.0.7","TCP","81","8088  >  48876 [PSH, ACK] Seq=96 Ack=39 Win=509 Len=15 TSval=1216062368 TSecr=2398521968"
"49","8.462634","172.19.0.7","172.19.0.8","TCP","81","8088  >  56716 [PSH, ACK] Seq=96 Ack=39 Win=509 Len=15 TSval=2801573510 TSecr=2463244202"
"50","8.462811","172.19.0.7","172.19.0.6","TCP","70","48876  >  8088 [PSH, ACK] Seq=39 Ack=111 Win=502 Len=4 TSval=2398522968 TSecr=1216062368 [TCP segment of a reassembled PDU]"
"51","8.462969","172.19.0.6","172.19.0.7","TCP","66","8088  >  48876 [ACK] Seq=111 Ack=43 Win=509 Len=0 TSval=1216062368 TSecr=2398522968"
"52","8.464235","172.19.0.8","172.19.0.7","TCP","70","56716  >  8088 [PSH, ACK] Seq=39 Ack=111 Win=502 Len=4 TSval=2463245203 TSecr=2801573510 [TCP segment of a reassembled PDU]"
"53","8.464288","172.19.0.7","172.19.0.8","TCP","66","8088  >  56716 [ACK] Seq=111 Ack=43 Win=509 Len=0 TSval=2801573512 TSecr=2463245203"
"54","9.463794","172.19.0.6","172.19.0.7","TCP","81","8088  >  48876 [PSH, ACK] Seq=111 Ack=43 Win=509 Len=15 TSval=1216063369 TSecr=2398522968"
"55","9.464566","172.19.0.7","172.19.0.8","TCP","81","8088  >  56716 [PSH, ACK] Seq=111 Ack=43 Win=509 Len=15 TSval=2801574512 TSecr=2463245203"
"56","9.464831","172.19.0.7","172.19.0.6","TCP","70","48876  >  8088 [PSH, ACK] Seq=43 Ack=126 Win=502 Len=4 TSval=2398523970 TSecr=1216063369 [TCP segment of a reassembled PDU]"
"57","9.465048","172.19.0.6","172.19.0.7","TCP","66","8088  >  48876 [ACK] Seq=126 Ack=47 Win=509 Len=0 TSval=1216063370 TSecr=2398523970"
"58","9.465239","172.19.0.8","172.19.0.7","TCP","70","56716  >  8088 [PSH, ACK] Seq=43 Ack=126 Win=502 Len=4 TSval=2463246204 TSecr=2801574512 [TCP segment of a reassembled PDU]"
"59","9.465285","172.19.0.7","172.19.0.8","TCP","66","8088  >  56716 [ACK] Seq=126 Ack=47 Win=509 Len=0 TSval=2801574513 TSecr=2463246204"
"60","10.466033","172.19.0.6","172.19.0.7","TCP","80","8088  >  48876 [PSH, ACK] Seq=126 Ack=47 Win=509 Len=14 TSval=1216064371 TSecr=2398523970 [TCP segment of a reassembled PDU]"
"61","10.466848","172.19.0.7","172.19.0.8","TCP","80","8088  >  56716 [PSH, ACK] Seq=126 Ack=47 Win=509 Len=14 TSval=2801575514 TSecr=2463246204 [TCP segment of a reassembled PDU]"
"62","10.467081","172.19.0.7","172.19.0.6","TCP","70","48876  >  8088 [PSH, ACK] Seq=47 Ack=140 Win=502 Len=4 TSval=2398524973 TSecr=1216064371 [TCP segment of a reassembled PDU]"
"63","10.467221","172.19.0.6","172.19.0.7","TCP","66","8088  >  48876 [ACK] Seq=140 Ack=51 Win=509 Len=0 TSval=1216064373 TSecr=2398524973"
"64","10.467539","172.19.0.8","172.19.0.7","TCP","70","56716  >  8088 [PSH, ACK] Seq=47 Ack=140 Win=502 Len=4 TSval=2463247206 TSecr=2801575514 [TCP segment of a reassembled PDU]"
"65","10.467564","172.19.0.7","172.19.0.8","TCP","66","8088  >  56716 [ACK] Seq=140 Ack=51 Win=509 Len=0 TSval=2801575515 TSecr=2463247206"
"66","11.466330","172.19.0.6","172.19.0.7","TCP","81","8088  >  48876 [PSH, ACK] Seq=140 Ack=51 Win=509 Len=15 TSval=1216065372 TSecr=2398524973"
"67","11.467330","172.19.0.7","172.19.0.8","TCP","81","8088  >  56716 [PSH, ACK] Seq=140 Ack=51 Win=509 Len=15 TSval=2801576515 TSecr=2463247206"
"68","11.467561","172.19.0.7","172.19.0.6","TCP","70","48876  >  8088 [PSH, ACK] Seq=51 Ack=155 Win=502 Len=4 TSval=2398525973 TSecr=1216065372"
"69","11.467772","172.19.0.6","172.19.0.7","TCP","66","8088  >  48876 [ACK] Seq=155 Ack=55 Win=509 Len=0 TSval=1216065373 TSecr=2398525973"
"70","11.468524","172.19.0.8","172.19.0.7","TCP","70","56716  >  8088 [PSH, ACK] Seq=51 Ack=155 Win=502 Len=4 TSval=2463248207 TSecr=2801576515"
"71","11.468559","172.19.0.7","172.19.0.8","TCP","66","8088  >  56716 [ACK] Seq=155 Ack=55 Win=509 Len=0 TSval=2801576516 TSecr=2463248207"
"72","12.468647","172.19.0.6","172.19.0.7","TCP","81","8088  >  48876 [PSH, ACK] Seq=155 Ack=55 Win=509 Len=15 TSval=1216066374 TSecr=2398525973"
"73","12.468960","172.19.0.7","172.19.0.8","TCP","81","8088  >  56716 [PSH, ACK] Seq=155 Ack=55 Win=509 Len=15 TSval=2801577516 TSecr=2463248207"
"74","12.469099","172.19.0.7","172.19.0.6","TCP","70","48876  >  8088 [PSH, ACK] Seq=55 Ack=170 Win=502 Len=4 TSval=2398526975 TSecr=1216066374 [TCP segment of a reassembled PDU]"
"75","12.469316","172.19.0.6","172.19.0.7","TCP","66","8088  >  48876 [ACK] Seq=170 Ack=59 Win=509 Len=0 TSval=1216066375 TSecr=2398526975"
"76","12.469528","172.19.0.8","172.19.0.7","TCP","70","56716  >  8088 [PSH, ACK] Seq=55 Ack=170 Win=502 Len=4 TSval=2463249208 TSecr=2801577516 [TCP segment of a reassembled PDU]"
"77","12.469574","172.19.0.7","172.19.0.8","TCP","66","8088  >  56716 [ACK] Seq=170 Ack=59 Win=509 Len=0 TSval=2801577517 TSecr=2463249208"
"78","13.470667","172.19.0.6","172.19.0.7","TCP","81","8088  >  48876 [PSH, ACK] Seq=170 Ack=59 Win=509 Len=15 TSval=1216067376 TSecr=2398526975"
"79","13.471382","172.19.0.7","172.19.0.8","TCP","81","8088  >  56716 [PSH, ACK] Seq=170 Ack=59 Win=509 Len=15 TSval=2801578519 TSecr=2463249208"
"80","13.471518","172.19.0.7","172.19.0.6","TCP","70","48876  >  8088 [PSH, ACK] Seq=59 Ack=185 Win=502 Len=4 TSval=2398527977 TSecr=1216067376 [TCP segment of a reassembled PDU]"
"81","13.471636","172.19.0.6","172.19.0.7","TCP","66","8088  >  48876 [ACK] Seq=185 Ack=63 Win=509 Len=0 TSval=1216067377 TSecr=2398527977"
"82","13.472283","172.19.0.8","172.19.0.7","TCP","70","56716  >  8088 [PSH, ACK] Seq=59 Ack=185 Win=502 Len=4 TSval=2463250211 TSecr=2801578519 [TCP segment of a reassembled PDU]"
"83","13.472320","172.19.0.7","172.19.0.8","TCP","66","8088  >  56716 [ACK] Seq=185 Ack=63 Win=509 Len=0 TSval=2801578520 TSecr=2463250211"
"84","14.470480","172.19.0.6","172.19.0.7","TCP","81","8088  >  48876 [PSH, ACK] Seq=185 Ack=63 Win=509 Len=15 TSval=1216068376 TSecr=2398527977"
"85","14.470682","172.19.0.7","172.19.0.8","TCP","81","8088  >  56716 [PSH, ACK] Seq=185 Ack=63 Win=509 Len=15 TSval=2801579518 TSecr=2463250211"
"86","14.471698","172.19.0.8","172.19.0.7","TCP","70","56716  >  8088 [PSH, ACK] Seq=63 Ack=200 Win=502 Len=4 TSval=2463251210 TSecr=2801579518 [TCP segment of a reassembled PDU]"
"87","14.471756","172.19.0.7","172.19.0.6","TCP","70","48876  >  8088 [PSH, ACK] Seq=63 Ack=200 Win=502 Len=4 TSval=2398528977 TSecr=1216068376 [TCP segment of a reassembled PDU]"
"88","14.471853","172.19.0.6","172.19.0.7","TCP","66","8088  >  48876 [ACK] Seq=200 Ack=67 Win=509 Len=0 TSval=1216068377 TSecr=2398528977"
"89","14.471854","172.19.0.7","172.19.0.8","TCP","66","8088  >  56716 [ACK] Seq=200 Ack=67 Win=509 Len=0 TSval=2801579519 TSecr=2463251210"
"90","15.472389","172.19.0.6","172.19.0.7","TCP","81","8088  >  48876 [PSH, ACK] Seq=200 Ack=67 Win=509 Len=15 TSval=1216069378 TSecr=2398528977"
"91","15.472661","172.19.0.7","172.19.0.8","TCP","81","8088  >  56716 [PSH, ACK] Seq=200 Ack=67 Win=509 Len=15 TSval=2801580520 TSecr=2463251210"
"92","15.473057","172.19.0.8","172.19.0.7","TCP","70","56716  >  8088 [PSH, ACK] Seq=67 Ack=215 Win=502 Len=4 TSval=2463252212 TSecr=2801580520"
"93","15.473085","172.19.0.7","172.19.0.8","TCP","66","8088  >  56716 [ACK] Seq=215 Ack=71 Win=509 Len=0 TSval=2801580521 TSecr=2463252212"
"94","15.473322","172.19.0.7","172.19.0.6","TCP","70","48876  >  8088 [PSH, ACK] Seq=67 Ack=215 Win=502 Len=4 TSval=2398529979 TSecr=1216069378"
"95","15.473398","172.19.0.6","172.19.0.7","TCP","66","8088  >  48876 [ACK] Seq=215 Ack=71 Win=509 Len=0 TSval=1216069379 TSecr=2398529979"
"96","16.470435","172.19.0.6","172.19.0.7","TCP","81","8088  >  48876 [PSH, ACK] Seq=215 Ack=71 Win=509 Len=15 TSval=1216070376 TSecr=2398529979"
"97","16.470980","172.19.0.7","172.19.0.8","TCP","81","8088  >  56716 [PSH, ACK] Seq=215 Ack=71 Win=509 Len=15 TSval=2801581518 TSecr=2463252212"
"98","16.471116","172.19.0.7","172.19.0.6","TCP","70","48876  >  8088 [PSH, ACK] Seq=71 Ack=230 Win=502 Len=4 TSval=2398530977 TSecr=1216070376 [TCP segment of a reassembled PDU]"
"99","16.471247","172.19.0.6","172.19.0.7","TCP","66","8088  >  48876 [ACK] Seq=230 Ack=75 Win=509 Len=0 TSval=1216070377 TSecr=2398530977"
"100","16.471600","172.19.0.8","172.19.0.7","TCP","70","56716  >  8088 [PSH, ACK] Seq=71 Ack=230 Win=502 Len=4 TSval=2463253210 TSecr=2801581518 [TCP segment of a reassembled PDU]"
"101","16.471642","172.19.0.7","172.19.0.8","TCP","66","8088  >  56716 [ACK] Seq=230 Ack=75 Win=509 Len=0 TSval=2801581519 TSecr=2463253210"
"102","17.471504","172.19.0.6","172.19.0.7","TCP","81","8088  >  48876 [PSH, ACK] Seq=230 Ack=75 Win=509 Len=15 TSval=1216071377 TSecr=2398530977"
"103","17.472451","172.19.0.7","172.19.0.8","TCP","81","8088  >  56716 [PSH, ACK] Seq=230 Ack=75 Win=509 Len=15 TSval=2801582520 TSecr=2463253210"
"104","17.472696","172.19.0.7","172.19.0.6","TCP","70","48876  >  8088 [PSH, ACK] Seq=75 Ack=245 Win=502 Len=4 TSval=2398531978 TSecr=1216071377 [TCP segment of a reassembled PDU]"
"105","17.472830","172.19.0.6","172.19.0.7","TCP","66","8088  >  48876 [ACK] Seq=245 Ack=79 Win=509 Len=0 TSval=1216071378 TSecr=2398531978"
"106","17.473210","172.19.0.8","172.19.0.7","TCP","70","56716  >  8088 [PSH, ACK] Seq=75 Ack=245 Win=502 Len=4 TSval=2463254212 TSecr=2801582520 [TCP segment of a reassembled PDU]"
"107","17.473265","172.19.0.7","172.19.0.8","TCP","66","8088  >  56716 [ACK] Seq=245 Ack=79 Win=509 Len=0 TSval=2801582521 TSecr=2463254212"
"108","18.471668","172.19.0.6","172.19.0.7","TCP","81","8088  >  48876 [PSH, ACK] Seq=245 Ack=79 Win=509 Len=15 TSval=1216072377 TSecr=2398531978"
"109","18.472191","172.19.0.7","172.19.0.8","TCP","81","8088  >  56716 [PSH, ACK] Seq=245 Ack=79 Win=509 Len=15 TSval=2801583520 TSecr=2463254212"
"110","18.472388","172.19.0.7","172.19.0.6","TCP","70","48876  >  8088 [PSH, ACK] Seq=79 Ack=260 Win=502 Len=4 TSval=2398532978 TSecr=1216072377 [TCP segment of a reassembled PDU]"
"111","18.472487","172.19.0.6","172.19.0.7","TCP","66","8088  >  48876 [ACK] Seq=260 Ack=83 Win=509 Len=0 TSval=1216072378 TSecr=2398532978"
"112","18.473136","172.19.0.8","172.19.0.7","TCP","70","56716  >  8088 [PSH, ACK] Seq=79 Ack=260 Win=502 Len=4 TSval=2463255212 TSecr=2801583520 [TCP segment of a reassembled PDU]"
"113","18.473158","172.19.0.7","172.19.0.8","TCP","66","8088  >  56716 [ACK] Seq=260 Ack=83 Win=509 Len=0 TSval=2801583521 TSecr=2463255212"
"114","19.474273","172.19.0.6","172.19.0.7","TCP","81","8088  >  48876 [PSH, ACK] Seq=260 Ack=83 Win=509 Len=15 TSval=1216073380 TSecr=2398532978"
"115","19.474521","172.19.0.7","172.19.0.8","TCP","81","8088  >  56716 [PSH, ACK] Seq=260 Ack=83 Win=509 Len=15 TSval=2801584522 TSecr=2463255212"
"116","19.474641","172.19.0.7","172.19.0.6","TCP","70","48876  >  8088 [PSH, ACK] Seq=83 Ack=275 Win=502 Len=4 TSval=2398533980 TSecr=1216073380 [TCP segment of a reassembled PDU]"
"117","19.474708","172.19.0.6","172.19.0.7","TCP","66","8088  >  48876 [ACK] Seq=275 Ack=87 Win=509 Len=0 TSval=1216073380 TSecr=2398533980"
"118","19.475195","172.19.0.8","172.19.0.7","TCP","70","56716  >  8088 [PSH, ACK] Seq=83 Ack=275 Win=502 Len=4 TSval=2463256214 TSecr=2801584522 [TCP segment of a reassembled PDU]"
"119","19.475226","172.19.0.7","172.19.0.8","TCP","66","8088  >  56716 [ACK] Seq=275 Ack=87 Win=509 Len=0 TSval=2801584523 TSecr=2463256214"
"120","20.475091","172.19.0.6","172.19.0.7","TCP","81","8088  >  48876 [PSH, ACK] Seq=275 Ack=87 Win=509 Len=15 TSval=1216074381 TSecr=2398533980"
"121","20.475649","172.19.0.7","172.19.0.8","TCP","81","8088  >  56716 [PSH, ACK] Seq=275 Ack=87 Win=509 Len=15 TSval=2801585523 TSecr=2463256214"
"122","20.475802","172.19.0.7","172.19.0.6","TCP","70","48876  >  8088 [PSH, ACK] Seq=87 Ack=290 Win=502 Len=4 TSval=2398534981 TSecr=1216074381 [TCP segment of a reassembled PDU]"
"123","20.475915","172.19.0.6","172.19.0.7","TCP","66","8088  >  48876 [ACK] Seq=290 Ack=91 Win=509 Len=0 TSval=1216074381 TSecr=2398534981"
"124","20.476156","172.19.0.8","172.19.0.7","TCP","70","56716  >  8088 [PSH, ACK] Seq=87 Ack=290 Win=502 Len=4 TSval=2463257215 TSecr=2801585523 [TCP segment of a reassembled PDU]"
"125","20.476193","172.19.0.7","172.19.0.8","TCP","66","8088  >  56716 [ACK] Seq=290 Ack=91 Win=509 Len=0 TSval=2801585524 TSecr=2463257215"
"126","21.477611","172.19.0.6","172.19.0.7","TCP","81","8088  >  48876 [PSH, ACK] Seq=290 Ack=91 Win=509 Len=15 TSval=1216075383 TSecr=2398534981"
"127","21.477942","172.19.0.7","172.19.0.8","TCP","81","8088  >  56716 [PSH, ACK] Seq=290 Ack=91 Win=509 Len=15 TSval=2801586525 TSecr=2463257215"
"128","21.478078","172.19.0.7","172.19.0.6","TCP","70","48876  >  8088 [PSH, ACK] Seq=91 Ack=305 Win=502 Len=4 TSval=2398535984 TSecr=1216075383 [TCP segment of a reassembled PDU]"
"129","21.478268","172.19.0.6","172.19.0.7","TCP","66","8088  >  48876 [ACK] Seq=305 Ack=95 Win=509 Len=0 TSval=1216075384 TSecr=2398535984"
"130","21.478798","172.19.0.8","172.19.0.7","TCP","70","56716  >  8088 [PSH, ACK] Seq=91 Ack=305 Win=502 Len=4 TSval=2463258217 TSecr=2801586525 [TCP segment of a reassembled PDU]"
"131","21.478853","172.19.0.7","172.19.0.8","TCP","66","8088  >  56716 [ACK] Seq=305 Ack=95 Win=509 Len=0 TSval=2801586526 TSecr=2463258217"
"132","22.476866","172.19.0.6","172.19.0.7","TCP","80","8088  >  48876 [PSH, ACK] Seq=305 Ack=95 Win=509 Len=14 TSval=1216076382 TSecr=2398535984 [TCP segment of a reassembled PDU]"
"133","22.477857","172.19.0.7","172.19.0.8","TCP","80","8088  >  56716 [PSH, ACK] Seq=305 Ack=95 Win=509 Len=14 TSval=2801587525 TSecr=2463258217 [TCP segment of a reassembled PDU]"
"134","22.478046","172.19.0.7","172.19.0.6","TCP","70","48876  >  8088 [PSH, ACK] Seq=95 Ack=319 Win=502 Len=4 TSval=2398536984 TSecr=1216076382 [TCP segment of a reassembled PDU]"
"135","22.478162","172.19.0.6","172.19.0.7","TCP","66","8088  >  48876 [ACK] Seq=319 Ack=99 Win=509 Len=0 TSval=1216076384 TSecr=2398536984"
"136","22.479500","172.19.0.8","172.19.0.7","TCP","70","56716  >  8088 [PSH, ACK] Seq=95 Ack=319 Win=502 Len=4 TSval=2463259218 TSecr=2801587525 [TCP segment of a reassembled PDU]"
"137","22.479527","172.19.0.7","172.19.0.8","TCP","66","8088  >  56716 [ACK] Seq=319 Ack=99 Win=509 Len=0 TSval=2801587527 TSecr=2463259218"
"138","23.477657","172.19.0.6","172.19.0.7","TCP","81","8088  >  48876 [PSH, ACK] Seq=319 Ack=99 Win=509 Len=15 TSval=1216077383 TSecr=2398536984"
"139","23.478108","172.19.0.7","172.19.0.8","TCP","81","8088  >  56716 [PSH, ACK] Seq=319 Ack=99 Win=509 Len=15 TSval=2801588526 TSecr=2463259218"
"140","23.478264","172.19.0.7","172.19.0.6","TCP","70","48876  >  8088 [PSH, ACK] Seq=99 Ack=334 Win=502 Len=4 TSval=2398537984 TSecr=1216077383 [TCP segment of a reassembled PDU]"
"141","23.478449","172.19.0.6","172.19.0.7","TCP","66","8088  >  48876 [ACK] Seq=334 Ack=103 Win=509 Len=0 TSval=1216077384 TSecr=2398537984"
"142","23.479022","172.19.0.8","172.19.0.7","TCP","70","56716  >  8088 [PSH, ACK] Seq=99 Ack=334 Win=502 Len=4 TSval=2463260218 TSecr=2801588526 [TCP segment of a reassembled PDU]"
"143","23.479044","172.19.0.7","172.19.0.8","TCP","66","8088  >  56716 [ACK] Seq=334 Ack=103 Win=509 Len=0 TSval=2801588527 TSecr=2463260218"
"144","24.478429","172.19.0.6","172.19.0.7","TCP","81","8088  >  48876 [PSH, ACK] Seq=334 Ack=103 Win=509 Len=15 TSval=1216078384 TSecr=2398537984"
"145","24.479850","172.19.0.7","172.19.0.8","TCP","81","8088  >  56716 [PSH, ACK] Seq=334 Ack=103 Win=509 Len=15 TSval=2801589527 TSecr=2463260218"
"146","24.480027","172.19.0.7","172.19.0.6","TCP","70","48876  >  8088 [PSH, ACK] Seq=103 Ack=349 Win=502 Len=4 TSval=2398538986 TSecr=1216078384 [TCP segment of a reassembled PDU]"
"147","24.480195","172.19.0.6","172.19.0.7","TCP","66","8088  >  48876 [ACK] Seq=349 Ack=107 Win=509 Len=0 TSval=1216078386 TSecr=2398538986"
"148","24.481222","172.19.0.8","172.19.0.7","TCP","70","56716  >  8088 [PSH, ACK] Seq=103 Ack=349 Win=502 Len=4 TSval=2463261220 TSecr=2801589527 [TCP segment of a reassembled PDU]"
"149","24.481247","172.19.0.7","172.19.0.8","TCP","66","8088  >  56716 [ACK] Seq=349 Ack=107 Win=509 Len=0 TSval=2801589529 TSecr=2463261220"
"150","25.480329","172.19.0.6","172.19.0.7","TCP","81","8088  >  48876 [PSH, ACK] Seq=349 Ack=107 Win=509 Len=15 TSval=1216079386 TSecr=2398538986"
"151","25.480680","172.19.0.7","172.19.0.8","TCP","81","8088  >  56716 [PSH, ACK] Seq=349 Ack=107 Win=509 Len=15 TSval=2801590528 TSecr=2463261220"
"152","25.480813","172.19.0.7","172.19.0.6","TCP","70","48876  >  8088 [PSH, ACK] Seq=107 Ack=364 Win=502 Len=4 TSval=2398539986 TSecr=1216079386 [TCP segment of a reassembled PDU]"
"153","25.480944","172.19.0.6","172.19.0.7","TCP","66","8088  >  48876 [ACK] Seq=364 Ack=111 Win=509 Len=0 TSval=1216079386 TSecr=2398539986"
"154","25.481301","172.19.0.8","172.19.0.7","TCP","70","56716  >  8088 [PSH, ACK] Seq=107 Ack=364 Win=502 Len=4 TSval=2463262220 TSecr=2801590528 [TCP segment of a reassembled PDU]"
"155","25.481322","172.19.0.7","172.19.0.8","TCP","66","8088  >  56716 [ACK] Seq=364 Ack=111 Win=509 Len=0 TSval=2801590529 TSecr=2463262220"
"156","26.482024","172.19.0.6","172.19.0.7","TCP","81","8088  >  48876 [PSH, ACK] Seq=364 Ack=111 Win=509 Len=15 TSval=1216080388 TSecr=2398539986"
"157","26.482570","172.19.0.7","172.19.0.8","TCP","81","8088  >  56716 [PSH, ACK] Seq=364 Ack=111 Win=509 Len=15 TSval=2801591530 TSecr=2463262220"
"158","26.482668","172.19.0.7","172.19.0.6","TCP","70","48876  >  8088 [PSH, ACK] Seq=111 Ack=379 Win=502 Len=4 TSval=2398540988 TSecr=1216080388 [TCP segment of a reassembled PDU]"
"159","26.482841","172.19.0.6","172.19.0.7","TCP","66","8088  >  48876 [ACK] Seq=379 Ack=115 Win=509 Len=0 TSval=1216080388 TSecr=2398540988"
"160","26.483217","172.19.0.8","172.19.0.7","TCP","70","56716  >  8088 [PSH, ACK] Seq=111 Ack=379 Win=502 Len=4 TSval=2463263222 TSecr=2801591530 [TCP segment of a reassembled PDU]"
"161","26.483242","172.19.0.7","172.19.0.8","TCP","66","8088  >  56716 [ACK] Seq=379 Ack=115 Win=509 Len=0 TSval=2801591531 TSecr=2463263222"
"162","27.481226","172.19.0.6","172.19.0.7","TCP","81","8088  >  48876 [PSH, ACK] Seq=379 Ack=115 Win=509 Len=15 TSval=1216081387 TSecr=2398540988"
"163","27.481678","172.19.0.7","172.19.0.8","TCP","81","8088  >  56716 [PSH, ACK] Seq=379 Ack=115 Win=509 Len=15 TSval=2801592529 TSecr=2463263222"
"164","27.481899","172.19.0.7","172.19.0.6","TCP","70","48876  >  8088 [PSH, ACK] Seq=115 Ack=394 Win=502 Len=4 TSval=2398541987 TSecr=1216081387 [TCP segment of a reassembled PDU]"
"165","27.482047","172.19.0.6","172.19.0.7","TCP","66","8088  >  48876 [ACK] Seq=394 Ack=119 Win=509 Len=0 TSval=1216081387 TSecr=2398541987"
"166","27.482326","172.19.0.8","172.19.0.7","TCP","70","56716  >  8088 [PSH, ACK] Seq=115 Ack=394 Win=502 Len=4 TSval=2463264221 TSecr=2801592529 [TCP segment of a reassembled PDU]"
"167","27.482352","172.19.0.7","172.19.0.8","TCP","66","8088  >  56716 [ACK] Seq=394 Ack=119 Win=509 Len=0 TSval=2801592530 TSecr=2463264221"
"168","28.482284","172.19.0.6","172.19.0.7","TCP","81","8088  >  48876 [PSH, ACK] Seq=394 Ack=119 Win=509 Len=15 TSval=1216082388 TSecr=2398541987"
"169","28.482625","172.19.0.7","172.19.0.8","TCP","81","8088  >  56716 [PSH, ACK] Seq=394 Ack=119 Win=509 Len=15 TSval=2801593530 TSecr=2463264221"
"170","28.482795","172.19.0.7","172.19.0.6","TCP","70","48876  >  8088 [PSH, ACK] Seq=119 Ack=409 Win=502 Len=4 TSval=2398542988 TSecr=1216082388 [TCP segment of a reassembled PDU]"
"171","28.483139","172.19.0.6","172.19.0.7","TCP","66","8088  >  48876 [ACK] Seq=409 Ack=123 Win=509 Len=0 TSval=1216082388 TSecr=2398542988"
"172","28.483456","172.19.0.8","172.19.0.7","TCP","70","56716  >  8088 [PSH, ACK] Seq=119 Ack=409 Win=502 Len=4 TSval=2463265222 TSecr=2801593530 [TCP segment of a reassembled PDU]"
"173","28.483478","172.19.0.7","172.19.0.8","TCP","66","8088  >  56716 [ACK] Seq=409 Ack=123 Win=509 Len=0 TSval=2801593531 TSecr=2463265222"
"174","29.484859","172.19.0.6","172.19.0.7","TCP","81","8088  >  48876 [PSH, ACK] Seq=409 Ack=123 Win=509 Len=15 TSval=1216083390 TSecr=2398542988"
"175","29.485173","172.19.0.7","172.19.0.8","TCP","81","8088  >  56716 [PSH, ACK] Seq=409 Ack=123 Win=509 Len=15 TSval=2801594533 TSecr=2463265222"
"176","29.485314","172.19.0.7","172.19.0.6","TCP","70","48876  >  8088 [PSH, ACK] Seq=123 Ack=424 Win=502 Len=4 TSval=2398543991 TSecr=1216083390 [TCP segment of a reassembled PDU]"
"177","29.485501","172.19.0.6","172.19.0.7","TCP","66","8088  >  48876 [ACK] Seq=424 Ack=127 Win=509 Len=0 TSval=1216083391 TSecr=2398543991"
"178","29.485939","172.19.0.8","172.19.0.7","TCP","70","56716  >  8088 [PSH, ACK] Seq=123 Ack=424 Win=502 Len=4 TSval=2463266224 TSecr=2801594533 [TCP segment of a reassembled PDU]"
"179","29.485960","172.19.0.7","172.19.0.8","TCP","66","8088  >  56716 [ACK] Seq=424 Ack=127 Win=509 Len=0 TSval=2801594533 TSecr=2463266224"
"180","30.484303","172.19.0.6","172.19.0.7","TCP","80","8088  >  48876 [PSH, ACK] Seq=424 Ack=127 Win=509 Len=14 TSval=1216084390 TSecr=2398543991 [TCP segment of a reassembled PDU]"
"181","30.484722","172.19.0.7","172.19.0.8","TCP","80","8088  >  56716 [PSH, ACK] Seq=424 Ack=127 Win=509 Len=14 TSval=2801595532 TSecr=2463266224 [TCP segment of a reassembled PDU]"
"182","30.485030","172.19.0.8","172.19.0.7","TCP","70","56716  >  8088 [PSH, ACK] Seq=127 Ack=438 Win=502 Len=4 TSval=2463267224 TSecr=2801595532 [TCP segment of a reassembled PDU]"
"183","30.485051","172.19.0.7","172.19.0.8","TCP","66","8088  >  56716 [ACK] Seq=438 Ack=131 Win=509 Len=0 TSval=2801595533 TSecr=2463267224"
"184","30.485164","172.19.0.7","172.19.0.6","TCP","70","48876  >  8088 [PSH, ACK] Seq=127 Ack=438 Win=502 Len=4 TSval=2398544991 TSecr=1216084390 [TCP segment of a reassembled PDU]"
"185","30.485248","172.19.0.6","172.19.0.7","TCP","66","8088  >  48876 [ACK] Seq=438 Ack=131 Win=509 Len=0 TSval=1216084391 TSecr=2398544991"
"186","31.485453","172.19.0.6","172.19.0.7","TCP","81","8088  >  48876 [PSH, ACK] Seq=438 Ack=131 Win=509 Len=15 TSval=1216085391 TSecr=2398544991"
"187","31.486442","172.19.0.7","172.19.0.8","TCP","81","8088  >  56716 [PSH, ACK] Seq=438 Ack=131 Win=509 Len=15 TSval=2801596534 TSecr=2463267224"
"188","31.486560","172.19.0.7","172.19.0.6","TCP","70","48876  >  8088 [PSH, ACK] Seq=131 Ack=453 Win=502 Len=4 TSval=2398545992 TSecr=1216085391 [TCP segment of a reassembled PDU]"
"189","31.486910","172.19.0.6","172.19.0.7","TCP","66","8088  >  48876 [ACK] Seq=453 Ack=135 Win=509 Len=0 TSval=1216085392 TSecr=2398545992"
"190","31.487395","172.19.0.8","172.19.0.7","TCP","70","56716  >  8088 [PSH, ACK] Seq=131 Ack=453 Win=502 Len=4 TSval=2463268226 TSecr=2801596534 [TCP segment of a reassembled PDU]"
"191","31.487415","172.19.0.7","172.19.0.8","TCP","66","8088  >  56716 [ACK] Seq=453 Ack=135 Win=509 Len=0 TSval=2801596535 TSecr=2463268226"
"192","32.486641","172.19.0.6","172.19.0.7","TCP","81","8088  >  48876 [PSH, ACK] Seq=453 Ack=135 Win=509 Len=15 TSval=1216086392 TSecr=2398545992"
"193","32.486952","172.19.0.7","172.19.0.8","TCP","81","8088  >  56716 [PSH, ACK] Seq=453 Ack=135 Win=509 Len=15 TSval=2801597534 TSecr=2463268226"
"194","32.487089","172.19.0.7","172.19.0.6","TCP","70","48876  >  8088 [PSH, ACK] Seq=135 Ack=468 Win=502 Len=4 TSval=2398546993 TSecr=1216086392 [TCP segment of a reassembled PDU]"
"195","32.487166","172.19.0.6","172.19.0.7","TCP","66","8088  >  48876 [ACK] Seq=468 Ack=139 Win=509 Len=0 TSval=1216086393 TSecr=2398546993"
"196","32.487398","172.19.0.8","172.19.0.7","TCP","70","56716  >  8088 [PSH, ACK] Seq=135 Ack=468 Win=502 Len=4 TSval=2463269226 TSecr=2801597534 [TCP segment of a reassembled PDU]"
"197","32.487439","172.19.0.7","172.19.0.8","TCP","66","8088  >  56716 [ACK] Seq=468 Ack=139 Win=509 Len=0 TSval=2801597535 TSecr=2463269226"
"198","33.486466","172.19.0.6","172.19.0.7","TCP","81","8088  >  48876 [PSH, ACK] Seq=468 Ack=139 Win=509 Len=15 TSval=1216087392 TSecr=2398546993"
"199","33.487028","172.19.0.7","172.19.0.8","TCP","81","8088  >  56716 [PSH, ACK] Seq=468 Ack=139 Win=509 Len=15 TSval=2801598535 TSecr=2463269226"
"200","33.487197","172.19.0.7","172.19.0.6","TCP","70","48876  >  8088 [PSH, ACK] Seq=139 Ack=483 Win=502 Len=4 TSval=2398547993 TSecr=1216087392 [TCP segment of a reassembled PDU]"
"201","33.487279","172.19.0.6","172.19.0.7","TCP","66","8088  >  48876 [ACK] Seq=483 Ack=143 Win=509 Len=0 TSval=1216087393 TSecr=2398547993"
"202","33.487530","172.19.0.8","172.19.0.7","TCP","70","56716  >  8088 [PSH, ACK] Seq=139 Ack=483 Win=502 Len=4 TSval=2463270226 TSecr=2801598535 [TCP segment of a reassembled PDU]"
"203","33.487550","172.19.0.7","172.19.0.8","TCP","66","8088  >  56716 [ACK] Seq=483 Ack=143 Win=509 Len=0 TSval=2801598535 TSecr=2463270226"
"204","34.488773","172.19.0.6","172.19.0.7","TCP","81","8088  >  48876 [PSH, ACK] Seq=483 Ack=143 Win=509 Len=15 TSval=1216088394 TSecr=2398547993"
"205","34.489274","172.19.0.7","172.19.0.8","TCP","81","8088  >  56716 [PSH, ACK] Seq=483 Ack=143 Win=509 Len=15 TSval=2801599537 TSecr=2463270226"
"206","34.489393","172.19.0.7","172.19.0.6","TCP","70","48876  >  8088 [PSH, ACK] Seq=143 Ack=498 Win=502 Len=4 TSval=2398548995 TSecr=1216088394 [TCP segment of a reassembled PDU]"
"207","34.489531","172.19.0.6","172.19.0.7","TCP","66","8088  >  48876 [ACK] Seq=498 Ack=147 Win=509 Len=0 TSval=1216088395 TSecr=2398548995"
"208","34.489859","172.19.0.8","172.19.0.7","TCP","70","56716  >  8088 [PSH, ACK] Seq=143 Ack=498 Win=502 Len=4 TSval=2463271228 TSecr=2801599537 [TCP segment of a reassembled PDU]"
"209","34.489898","172.19.0.7","172.19.0.8","TCP","66","8088  >  56716 [ACK] Seq=498 Ack=147 Win=509 Len=0 TSval=2801599537 TSecr=2463271228"
"210","35.489005","172.19.0.6","172.19.0.7","TCP","81","8088  >  48876 [PSH, ACK] Seq=498 Ack=147 Win=509 Len=15 TSval=1216089394 TSecr=2398548995"
"211","35.489367","172.19.0.7","172.19.0.8","TCP","81","8088  >  56716 [PSH, ACK] Seq=498 Ack=147 Win=509 Len=15 TSval=2801600537 TSecr=2463271228"
"212","35.489497","172.19.0.7","172.19.0.6","TCP","70","48876  >  8088 [PSH, ACK] Seq=147 Ack=513 Win=502 Len=4 TSval=2398549995 TSecr=1216089394 [TCP segment of a reassembled PDU]"
"213","35.489666","172.19.0.6","172.19.0.7","TCP","66","8088  >  48876 [ACK] Seq=513 Ack=151 Win=509 Len=0 TSval=1216089395 TSecr=2398549995"
"214","35.490026","172.19.0.8","172.19.0.7","TCP","70","56716  >  8088 [PSH, ACK] Seq=147 Ack=513 Win=502 Len=4 TSval=2463272229 TSecr=2801600537 [TCP segment of a reassembled PDU]"
"215","35.490051","172.19.0.7","172.19.0.8","TCP","66","8088  >  56716 [ACK] Seq=513 Ack=151 Win=509 Len=0 TSval=2801600538 TSecr=2463272229"
"216","36.492049","172.19.0.6","172.19.0.7","TCP","81","8088  >  48876 [PSH, ACK] Seq=513 Ack=151 Win=509 Len=15 TSval=1216090398 TSecr=2398549995"
"217","36.492424","172.19.0.7","172.19.0.8","TCP","81","8088  >  56716 [PSH, ACK] Seq=513 Ack=151 Win=509 Len=15 TSval=2801601540 TSecr=2463272229"
"218","36.492611","172.19.0.7","172.19.0.6","TCP","70","48876  >  8088 [PSH, ACK] Seq=151 Ack=528 Win=502 Len=4 TSval=2398550998 TSecr=1216090398 [TCP segment of a reassembled PDU]"
"219","36.492774","172.19.0.6","172.19.0.7","TCP","66","8088  >  48876 [ACK] Seq=528 Ack=155 Win=509 Len=0 TSval=1216090398 TSecr=2398550998"
"220","36.493463","172.19.0.8","172.19.0.7","TCP","70","56716  >  8088 [PSH, ACK] Seq=151 Ack=528 Win=502 Len=4 TSval=2463273232 TSecr=2801601540 [TCP segment of a reassembled PDU]"
"221","36.493488","172.19.0.7","172.19.0.8","TCP","66","8088  >  56716 [ACK] Seq=528 Ack=155 Win=509 Len=0 TSval=2801601541 TSecr=2463273232"
"222","37.492284","172.19.0.6","172.19.0.7","TCP","81","8088  >  48876 [PSH, ACK] Seq=528 Ack=155 Win=509 Len=15 TSval=1216091398 TSecr=2398550998"
"223","37.492633","172.19.0.7","172.19.0.8","TCP","81","8088  >  56716 [PSH, ACK] Seq=528 Ack=155 Win=509 Len=15 TSval=2801602540 TSecr=2463273232"
"224","37.492892","172.19.0.7","172.19.0.6","TCP","70","48876  >  8088 [PSH, ACK] Seq=155 Ack=543 Win=502 Len=4 TSval=2398551998 TSecr=1216091398 [TCP segment of a reassembled PDU]"
"225","37.493099","172.19.0.6","172.19.0.7","TCP","66","8088  >  48876 [ACK] Seq=543 Ack=159 Win=509 Len=0 TSval=1216091398 TSecr=2398551998"
"226","37.493436","172.19.0.8","172.19.0.7","TCP","70","56716  >  8088 [PSH, ACK] Seq=155 Ack=543 Win=502 Len=4 TSval=2463274232 TSecr=2801602540 [TCP segment of a reassembled PDU]"
"227","37.493459","172.19.0.7","172.19.0.8","TCP","66","8088  >  56716 [ACK] Seq=543 Ack=159 Win=509 Len=0 TSval=2801602541 TSecr=2463274232"
"228","38.493584","172.19.0.6","172.19.0.7","TCP","81","8088  >  48876 [PSH, ACK] Seq=543 Ack=159 Win=509 Len=15 TSval=1216092399 TSecr=2398551998"
"229","38.494015","172.19.0.7","172.19.0.8","TCP","81","8088  >  56716 [PSH, ACK] Seq=543 Ack=159 Win=509 Len=15 TSval=2801603542 TSecr=2463274232"
"230","38.494190","172.19.0.7","172.19.0.6","TCP","70","48876  >  8088 [PSH, ACK] Seq=159 Ack=558 Win=502 Len=4 TSval=2398553000 TSecr=1216092399 [TCP segment of a reassembled PDU]"
"231","38.494390","172.19.0.6","172.19.0.7","TCP","66","8088  >  48876 [ACK] Seq=558 Ack=163 Win=509 Len=0 TSval=1216092400 TSecr=2398553000"
"232","38.494641","172.19.0.8","172.19.0.7","TCP","70","56716  >  8088 [PSH, ACK] Seq=159 Ack=558 Win=502 Len=4 TSval=2463275233 TSecr=2801603542 [TCP segment of a reassembled PDU]"
"233","38.494663","172.19.0.7","172.19.0.8","TCP","66","8088  >  56716 [ACK] Seq=558 Ack=163 Win=509 Len=0 TSval=2801603542 TSecr=2463275233"
"234","39.495064","172.19.0.6","172.19.0.7","TCP","80","8088  >  48876 [PSH, ACK] Seq=558 Ack=163 Win=509 Len=14 TSval=1216093401 TSecr=2398553000 [TCP segment of a reassembled PDU]"
"235","39.495537","172.19.0.7","172.19.0.8","TCP","80","8088  >  56716 [PSH, ACK] Seq=558 Ack=163 Win=509 Len=14 TSval=2801604543 TSecr=2463275233 [TCP segment of a reassembled PDU]"
"236","39.495753","172.19.0.7","172.19.0.6","TCP","70","48876  >  8088 [PSH, ACK] Seq=163 Ack=572 Win=502 Len=4 TSval=2398554001 TSecr=1216093401 [TCP segment of a reassembled PDU]"
"237","39.495869","172.19.0.6","172.19.0.7","TCP","66","8088  >  48876 [ACK] Seq=572 Ack=167 Win=509 Len=0 TSval=1216093401 TSecr=2398554001"
"238","39.496350","172.19.0.8","172.19.0.7","TCP","70","56716  >  8088 [PSH, ACK] Seq=163 Ack=572 Win=502 Len=4 TSval=2463276235 TSecr=2801604543 [TCP segment of a reassembled PDU]"
"239","39.496371","172.19.0.7","172.19.0.8","TCP","66","8088  >  56716 [ACK] Seq=572 Ack=167 Win=509 Len=0 TSval=2801604544 TSecr=2463276235"
"240","40.495776","172.19.0.6","172.19.0.7","TCP","81","8088  >  48876 [PSH, ACK] Seq=572 Ack=167 Win=509 Len=15 TSval=1216094401 TSecr=2398554001"
"241","40.496408","172.19.0.7","172.19.0.8","TCP","81","8088  >  56716 [PSH, ACK] Seq=572 Ack=167 Win=509 Len=15 TSval=2801605544 TSecr=2463276235"
"242","40.496619","172.19.0.7","172.19.0.6","TCP","70","48876  >  8088 [PSH, ACK] Seq=167 Ack=587 Win=502 Len=4 TSval=2398555002 TSecr=1216094401 [TCP segment of a reassembled PDU]"
"243","40.496834","172.19.0.6","172.19.0.7","TCP","66","8088  >  48876 [ACK] Seq=587 Ack=171 Win=509 Len=0 TSval=1216094402 TSecr=2398555002"
"244","40.497102","172.19.0.8","172.19.0.7","TCP","70","56716  >  8088 [PSH, ACK] Seq=167 Ack=587 Win=502 Len=4 TSval=2463277236 TSecr=2801605544 [TCP segment of a reassembled PDU]"
"245","40.497126","172.19.0.7","172.19.0.8","TCP","66","8088  >  56716 [ACK] Seq=587 Ack=171 Win=509 Len=0 TSval=2801605545 TSecr=2463277236"
"246","41.496052","172.19.0.6","172.19.0.7","TCP","81","8088  >  48876 [PSH, ACK] Seq=587 Ack=171 Win=509 Len=15 TSval=1216095402 TSecr=2398555002"
"247","41.496558","172.19.0.7","172.19.0.8","TCP","81","8088  >  56716 [PSH, ACK] Seq=587 Ack=171 Win=509 Len=15 TSval=2801606544 TSecr=2463277236"
"248","41.496912","172.19.0.8","172.19.0.7","TCP","70","56716  >  8088 [PSH, ACK] Seq=171 Ack=602 Win=502 Len=4 TSval=2463278235 TSecr=2801606544 [TCP segment of a reassembled PDU]"
"249","41.496960","172.19.0.7","172.19.0.8","TCP","66","8088  >  56716 [ACK] Seq=602 Ack=175 Win=509 Len=0 TSval=2801606544 TSecr=2463278235"
"250","41.497239","172.19.0.7","172.19.0.6","TCP","70","48876  >  8088 [PSH, ACK] Seq=171 Ack=602 Win=502 Len=4 TSval=2398556003 TSecr=1216095402 [TCP segment of a reassembled PDU]"
"251","41.497360","172.19.0.6","172.19.0.7","TCP","66","8088  >  48876 [ACK] Seq=602 Ack=175 Win=509 Len=0 TSval=1216095403 TSecr=2398556003"
"252","42.498605","172.19.0.6","172.19.0.7","TCP","81","8088  >  48876 [PSH, ACK] Seq=602 Ack=175 Win=509 Len=15 TSval=1216096404 TSecr=2398556003"
"253","42.499275","172.19.0.7","172.19.0.8","TCP","81","8088  >  56716 [PSH, ACK] Seq=602 Ack=175 Win=509 Len=15 TSval=2801607547 TSecr=2463278235"
"254","42.499403","172.19.0.7","172.19.0.6","TCP","70","48876  >  8088 [PSH, ACK] Seq=175 Ack=617 Win=502 Len=4 TSval=2398557005 TSecr=1216096404 [TCP segment of a reassembled PDU]"
"255","42.499507","172.19.0.6","172.19.0.7","TCP","66","8088  >  48876 [ACK] Seq=617 Ack=179 Win=509 Len=0 TSval=1216096405 TSecr=2398557005"
"256","42.499931","172.19.0.8","172.19.0.7","TCP","70","56716  >  8088 [PSH, ACK] Seq=175 Ack=617 Win=502 Len=4 TSval=2463279238 TSecr=2801607547 [TCP segment of a reassembled PDU]"
"257","42.499955","172.19.0.7","172.19.0.8","TCP","66","8088  >  56716 [ACK] Seq=617 Ack=179 Win=509 Len=0 TSval=2801607547 TSecr=2463279238"
"258","43.499742","172.19.0.6","172.19.0.7","TCP","81","8088  >  48876 [PSH, ACK] Seq=617 Ack=179 Win=509 Len=15 TSval=1216097405 TSecr=2398557005"
"259","43.500290","172.19.0.7","172.19.0.8","TCP","81","8088  >  56716 [PSH, ACK] Seq=617 Ack=179 Win=509 Len=15 TSval=2801608548 TSecr=2463279238"
"260","43.500702","172.19.0.8","172.19.0.7","TCP","70","56716  >  8088 [PSH, ACK] Seq=179 Ack=632 Win=502 Len=4 TSval=2463280239 TSecr=2801608548 [TCP segment of a reassembled PDU]"
"261","43.500726","172.19.0.7","172.19.0.8","TCP","66","8088  >  56716 [ACK] Seq=632 Ack=183 Win=509 Len=0 TSval=2801608548 TSecr=2463280239"
"262","43.500908","172.19.0.7","172.19.0.6","TCP","70","48876  >  8088 [PSH, ACK] Seq=179 Ack=632 Win=502 Len=4 TSval=2398558006 TSecr=1216097405 [TCP segment of a reassembled PDU]"
"263","43.501037","172.19.0.6","172.19.0.7","TCP","66","8088  >  48876 [ACK] Seq=632 Ack=183 Win=509 Len=0 TSval=1216097406 TSecr=2398558006"
"264","44.500412","172.19.0.6","172.19.0.7","TCP","80","8088  >  48876 [PSH, ACK] Seq=632 Ack=183 Win=509 Len=14 TSval=1216098406 TSecr=2398558006 [TCP segment of a reassembled PDU]"
"265","44.501115","172.19.0.7","172.19.0.8","TCP","80","8088  >  56716 [PSH, ACK] Seq=632 Ack=183 Win=509 Len=14 TSval=2801609549 TSecr=2463280239 [TCP segment of a reassembled PDU]"
"266","44.501260","172.19.0.7","172.19.0.6","TCP","70","48876  >  8088 [PSH, ACK] Seq=183 Ack=646 Win=502 Len=4 TSval=2398559007 TSecr=1216098406 [TCP segment of a reassembled PDU]"
"267","44.501403","172.19.0.6","172.19.0.7","TCP","66","8088  >  48876 [ACK] Seq=646 Ack=187 Win=509 Len=0 TSval=1216098407 TSecr=2398559007"
"268","44.501673","172.19.0.8","172.19.0.7","TCP","70","56716  >  8088 [PSH, ACK] Seq=183 Ack=646 Win=502 Len=4 TSval=2463281240 TSecr=2801609549 [TCP segment of a reassembled PDU]"
"269","44.501700","172.19.0.7","172.19.0.8","TCP","66","8088  >  56716 [ACK] Seq=646 Ack=187 Win=509 Len=0 TSval=2801609549 TSecr=2463281240"
"270","45.408769","172.19.0.6","172.19.0.7","TCP","68","59638  >  8088 [PSH, ACK] Seq=1 Ack=1 Win=502 Len=2 TSval=1216099314 TSecr=2398499857"
"271","45.409261","172.19.0.7","172.19.0.6","TCP","68","8088  >  59638 [PSH, ACK] Seq=1 Ack=3 Win=509 Len=2 TSval=2398559915 TSecr=1216099314"
"272","45.409360","172.19.0.6","172.19.0.7","TCP","66","59638  >  8088 [ACK] Seq=3 Ack=3 Win=502 Len=0 TSval=1216099315 TSecr=2398559915"
"273","45.409438","172.19.0.7","172.19.0.8","TCP","68","60058  >  8088 [PSH, ACK] Seq=1 Ack=1 Win=502 Len=2 TSval=2801610457 TSecr=2463222091"
"274","45.409780","172.19.0.8","172.19.0.7","TCP","68","8088  >  60058 [PSH, ACK] Seq=1 Ack=3 Win=509 Len=2 TSval=2463282148 TSecr=2801610457"
"275","45.409803","172.19.0.7","172.19.0.8","TCP","66","60058  >  8088 [ACK] Seq=3 Ack=3 Win=502 Len=0 TSval=2801610457 TSecr=2463282148"
"276","45.500713","172.19.0.6","172.19.0.7","TCP","81","8088  >  48876 [PSH, ACK] Seq=646 Ack=187 Win=509 Len=15 TSval=1216099406 TSecr=2398559007"
"277","45.501314","172.19.0.7","172.19.0.8","TCP","81","8088  >  56716 [PSH, ACK] Seq=646 Ack=187 Win=509 Len=15 TSval=2801610549 TSecr=2463281240"
"278","45.501451","172.19.0.7","172.19.0.6","TCP","70","48876  >  8088 [PSH, ACK] Seq=187 Ack=661 Win=502 Len=4 TSval=2398560007 TSecr=1216099406 [TCP segment of a reassembled PDU]"
"279","45.501572","172.19.0.6","172.19.0.7","TCP","66","8088  >  48876 [ACK] Seq=661 Ack=191 Win=509 Len=0 TSval=1216099407 TSecr=2398560007"
"280","45.501815","172.19.0.8","172.19.0.7","TCP","70","56716  >  8088 [PSH, ACK] Seq=187 Ack=661 Win=502 Len=4 TSval=2463282240 TSecr=2801610549 [TCP segment of a reassembled PDU]"
"281","45.501837","172.19.0.7","172.19.0.8","TCP","66","8088  >  56716 [ACK] Seq=661 Ack=191 Win=509 Len=0 TSval=2801610549 TSecr=2463282240"
"282","46.502486","172.19.0.6","172.19.0.7","TCP","81","8088  >  48876 [PSH, ACK] Seq=661 Ack=191 Win=509 Len=15 TSval=1216100408 TSecr=2398560007"
"283","46.503166","172.19.0.7","172.19.0.8","TCP","81","8088  >  56716 [PSH, ACK] Seq=661 Ack=191 Win=509 Len=15 TSval=2801611550 TSecr=2463282240"
"284","46.503617","172.19.0.8","172.19.0.7","TCP","70","56716  >  8088 [PSH, ACK] Seq=191 Ack=676 Win=502 Len=4 TSval=2463283242 TSecr=2801611550 [TCP segment of a reassembled PDU]"
"285","46.503691","172.19.0.7","172.19.0.8","TCP","66","8088  >  56716 [ACK] Seq=676 Ack=195 Win=509 Len=0 TSval=2801611551 TSecr=2463283242"
"286","46.503851","172.19.0.7","172.19.0.6","TCP","70","48876  >  8088 [PSH, ACK] Seq=191 Ack=676 Win=502 Len=4 TSval=2398561009 TSecr=1216100408 [TCP segment of a reassembled PDU]"
"287","46.503997","172.19.0.6","172.19.0.7","TCP","66","8088  >  48876 [ACK] Seq=676 Ack=195 Win=509 Len=0 TSval=1216100409 TSecr=2398561009"
"288","47.502731","172.19.0.6","172.19.0.7","TCP","81","8088  >  48876 [PSH, ACK] Seq=676 Ack=195 Win=509 Len=15 TSval=1216101408 TSecr=2398561009"
"289","47.503456","172.19.0.7","172.19.0.8","TCP","81","8088  >  56716 [PSH, ACK] Seq=676 Ack=195 Win=509 Len=15 TSval=2801612551 TSecr=2463283242"
"290","47.503562","172.19.0.7","172.19.0.6","TCP","70","48876  >  8088 [PSH, ACK] Seq=195 Ack=691 Win=502 Len=4 TSval=2398562009 TSecr=1216101408 [TCP segment of a reassembled PDU]"
"291","47.503646","172.19.0.6","172.19.0.7","TCP","66","8088  >  48876 [ACK] Seq=691 Ack=199 Win=509 Len=0 TSval=1216101409 TSecr=2398562009"
"292","47.504024","172.19.0.8","172.19.0.7","TCP","70","56716  >  8088 [PSH, ACK] Seq=195 Ack=691 Win=502 Len=4 TSval=2463284243 TSecr=2801612551 [TCP segment of a reassembled PDU]"
"293","47.504049","172.19.0.7","172.19.0.8","TCP","66","8088  >  56716 [ACK] Seq=691 Ack=199 Win=509 Len=0 TSval=2801612552 TSecr=2463284243"
"294","48.503558","172.19.0.6","172.19.0.7","TCP","81","8088  >  48876 [PSH, ACK] Seq=691 Ack=199 Win=509 Len=15 TSval=1216102409 TSecr=2398562009"
"295","48.503708","172.19.0.7","172.19.0.8","TCP","81","8088  >  56716 [PSH, ACK] Seq=691 Ack=199 Win=509 Len=15 TSval=2801613551 TSecr=2463284243"
"296","48.503854","172.19.0.7","172.19.0.6","TCP","70","48876  >  8088 [PSH, ACK] Seq=199 Ack=706 Win=502 Len=4 TSval=2398563009 TSecr=1216102409 [TCP segment of a reassembled PDU]"
"297","48.503913","172.19.0.6","172.19.0.7","TCP","66","8088  >  48876 [ACK] Seq=706 Ack=203 Win=509 Len=0 TSval=1216102409 TSecr=2398563009"
"298","48.504709","172.19.0.8","172.19.0.7","TCP","70","56716  >  8088 [PSH, ACK] Seq=199 Ack=706 Win=502 Len=4 TSval=2463285243 TSecr=2801613551 [TCP segment of a reassembled PDU]"
"299","48.504732","172.19.0.7","172.19.0.8","TCP","66","8088  >  56716 [ACK] Seq=706 Ack=203 Win=509 Len=0 TSval=2801613552 TSecr=2463285243"
"300","49.505136","172.19.0.6","172.19.0.7","TCP","81","8088  >  48876 [PSH, ACK] Seq=706 Ack=203 Win=509 Len=15 TSval=1216103411 TSecr=2398563009"
"301","49.505469","172.19.0.7","172.19.0.8","TCP","81","8088  >  56716 [PSH, ACK] Seq=706 Ack=203 Win=509 Len=15 TSval=2801614553 TSecr=2463285243"
"302","49.505568","172.19.0.7","172.19.0.6","TCP","70","48876  >  8088 [PSH, ACK] Seq=203 Ack=721 Win=502 Len=4 TSval=2398564011 TSecr=1216103411 [TCP segment of a reassembled PDU]"
"303","49.505634","172.19.0.6","172.19.0.7","TCP","66","8088  >  48876 [ACK] Seq=721 Ack=207 Win=509 Len=0 TSval=1216103411 TSecr=2398564011"
"304","49.505885","172.19.0.8","172.19.0.7","TCP","70","56716  >  8088 [PSH, ACK] Seq=203 Ack=721 Win=502 Len=4 TSval=2463286244 TSecr=2801614553 [TCP segment of a reassembled PDU]"
"305","49.505904","172.19.0.7","172.19.0.8","TCP","66","8088  >  56716 [ACK] Seq=721 Ack=207 Win=509 Len=0 TSval=2801614553 TSecr=2463286244"
"306","50.506095","172.19.0.6","172.19.0.7","TCP","81","8088  >  48876 [PSH, ACK] Seq=721 Ack=207 Win=509 Len=15 TSval=1216104412 TSecr=2398564011"
"307","50.507201","172.19.0.7","172.19.0.8","TCP","81","8088  >  56716 [PSH, ACK] Seq=721 Ack=207 Win=509 Len=15 TSval=2801615555 TSecr=2463286244"
"308","50.507372","172.19.0.7","172.19.0.6","TCP","70","48876  >  8088 [PSH, ACK] Seq=207 Ack=736 Win=502 Len=4 TSval=2398565013 TSecr=1216104412 [TCP segment of a reassembled PDU]"
"309","50.507498","172.19.0.6","172.19.0.7","TCP","66","8088  >  48876 [ACK] Seq=736 Ack=211 Win=509 Len=0 TSval=1216104413 TSecr=2398565013"
"310","50.507927","172.19.0.8","172.19.0.7","TCP","70","56716  >  8088 [PSH, ACK] Seq=207 Ack=736 Win=502 Len=4 TSval=2463287246 TSecr=2801615555 [TCP segment of a reassembled PDU]"
"311","50.507976","172.19.0.7","172.19.0.8","TCP","66","8088  >  56716 [ACK] Seq=736 Ack=211 Win=509 Len=0 TSval=2801615555 TSecr=2463287246"
"312","51.505723","172.19.0.6","172.19.0.7","TCP","80","8088  >  48876 [PSH, ACK] Seq=736 Ack=211 Win=509 Len=14 TSval=1216105411 TSecr=2398565013 [TCP segment of a reassembled PDU]"
"313","51.506431","172.19.0.7","172.19.0.8","TCP","80","8088  >  56716 [PSH, ACK] Seq=736 Ack=211 Win=509 Len=14 TSval=2801616554 TSecr=2463287246 [TCP segment of a reassembled PDU]"
"314","51.506527","172.19.0.7","172.19.0.6","TCP","70","48876  >  8088 [PSH, ACK] Seq=211 Ack=750 Win=502 Len=4 TSval=2398566012 TSecr=1216105411 [TCP segment of a reassembled PDU]"
"315","51.506624","172.19.0.6","172.19.0.7","TCP","66","8088  >  48876 [ACK] Seq=750 Ack=215 Win=509 Len=0 TSval=1216105412 TSecr=2398566012"
"316","51.508551","172.19.0.8","172.19.0.7","TCP","70","56716  >  8088 [PSH, ACK] Seq=211 Ack=750 Win=502 Len=4 TSval=2463288247 TSecr=2801616554 [TCP segment of a reassembled PDU]"
"317","51.508578","172.19.0.7","172.19.0.8","TCP","66","8088  >  56716 [ACK] Seq=750 Ack=215 Win=509 Len=0 TSval=2801616556 TSecr=2463288247"
"318","52.506452","172.19.0.6","172.19.0.7","TCP","80","8088  >  48876 [PSH, ACK] Seq=750 Ack=215 Win=509 Len=14 TSval=1216106412 TSecr=2398566012 [TCP segment of a reassembled PDU]"
"319","52.507047","172.19.0.7","172.19.0.8","TCP","80","8088  >  56716 [PSH, ACK] Seq=750 Ack=215 Win=509 Len=14 TSval=2801617555 TSecr=2463288247 [TCP segment of a reassembled PDU]"
"320","52.507663","172.19.0.7","172.19.0.6","TCP","70","48876  >  8088 [PSH, ACK] Seq=215 Ack=764 Win=502 Len=4 TSval=2398567013 TSecr=1216106412 [TCP segment of a reassembled PDU]"
"321","52.507755","172.19.0.6","172.19.0.7","TCP","66","8088  >  48876 [ACK] Seq=764 Ack=219 Win=509 Len=0 TSval=1216106413 TSecr=2398567013"
"322","52.508513","172.19.0.8","172.19.0.7","TCP","70","56716  >  8088 [PSH, ACK] Seq=215 Ack=764 Win=502 Len=4 TSval=2463289247 TSecr=2801617555 [TCP segment of a reassembled PDU]"
"323","52.508534","172.19.0.7","172.19.0.8","TCP","66","8088  >  56716 [ACK] Seq=764 Ack=219 Win=509 Len=0 TSval=2801617556 TSecr=2463289247"
"324","53.510644","172.19.0.6","172.19.0.7","TCP","81","8088  >  48876 [PSH, ACK] Seq=764 Ack=219 Win=509 Len=15 TSval=1216107416 TSecr=2398567013"
"325","53.511760","172.19.0.7","172.19.0.8","TCP","81","8088  >  56716 [PSH, ACK] Seq=764 Ack=219 Win=509 Len=15 TSval=2801618559 TSecr=2463289247"
"326","53.511855","172.19.0.7","172.19.0.6","TCP","70","48876  >  8088 [PSH, ACK] Seq=219 Ack=779 Win=502 Len=4 TSval=2398568017 TSecr=1216107416 [TCP segment of a reassembled PDU]"
"327","53.511918","172.19.0.6","172.19.0.7","TCP","66","8088  >  48876 [ACK] Seq=779 Ack=223 Win=509 Len=0 TSval=1216107417 TSecr=2398568017"
"328","53.512422","172.19.0.8","172.19.0.7","TCP","70","56716  >  8088 [PSH, ACK] Seq=219 Ack=779 Win=502 Len=4 TSval=2463290251 TSecr=2801618559 [TCP segment of a reassembled PDU]"
"329","53.512447","172.19.0.7","172.19.0.8","TCP","66","8088  >  56716 [ACK] Seq=779 Ack=223 Win=509 Len=0 TSval=2801618560 TSecr=2463290251"
"330","54.510282","172.19.0.6","172.19.0.7","TCP","81","8088  >  48876 [PSH, ACK] Seq=779 Ack=223 Win=509 Len=15 TSval=1216108416 TSecr=2398568017"
"331","54.511168","172.19.0.7","172.19.0.8","TCP","81","8088  >  56716 [PSH, ACK] Seq=779 Ack=223 Win=509 Len=15 TSval=2801619559 TSecr=2463290251"
"332","54.511385","172.19.0.7","172.19.0.6","TCP","70","48876  >  8088 [PSH, ACK] Seq=223 Ack=794 Win=502 Len=4 TSval=2398569017 TSecr=1216108416 [TCP segment of a reassembled PDU]"
"333","54.511515","172.19.0.6","172.19.0.7","TCP","66","8088  >  48876 [ACK] Seq=794 Ack=227 Win=509 Len=0 TSval=1216108417 TSecr=2398569017"
"334","54.511932","172.19.0.8","172.19.0.7","TCP","70","56716  >  8088 [PSH, ACK] Seq=223 Ack=794 Win=502 Len=4 TSval=2463291250 TSecr=2801619559 [TCP segment of a reassembled PDU]"
"335","54.511969","172.19.0.7","172.19.0.8","TCP","66","8088  >  56716 [ACK] Seq=794 Ack=227 Win=509 Len=0 TSval=2801619559 TSecr=2463291250"
"336","55.508765","172.19.0.6","172.19.0.7","TCP","81","8088  >  48876 [PSH, ACK] Seq=794 Ack=227 Win=509 Len=15 TSval=1216109414 TSecr=2398569017"
"337","55.509075","172.19.0.7","172.19.0.8","TCP","81","8088  >  56716 [PSH, ACK] Seq=794 Ack=227 Win=509 Len=15 TSval=2801620557 TSecr=2463291250"
"338","55.509218","172.19.0.7","172.19.0.6","TCP","70","48876  >  8088 [PSH, ACK] Seq=227 Ack=809 Win=502 Len=4 TSval=2398570015 TSecr=1216109414 [TCP segment of a reassembled PDU]"
"339","55.509327","172.19.0.6","172.19.0.7","TCP","66","8088  >  48876 [ACK] Seq=809 Ack=231 Win=509 Len=0 TSval=1216109415 TSecr=2398570015"
"340","55.509578","172.19.0.8","172.19.0.7","TCP","70","56716  >  8088 [PSH, ACK] Seq=227 Ack=809 Win=502 Len=4 TSval=2463292248 TSecr=2801620557 [TCP segment of a reassembled PDU]"
"341","55.509605","172.19.0.7","172.19.0.8","TCP","66","8088  >  56716 [ACK] Seq=809 Ack=231 Win=509 Len=0 TSval=2801620557 TSecr=2463292248"
"342","56.510780","172.19.0.6","172.19.0.7","TCP","81","8088  >  48876 [PSH, ACK] Seq=809 Ack=231 Win=509 Len=15 TSval=1216110416 TSecr=2398570015"
"343","56.511077","172.19.0.7","172.19.0.8","TCP","81","8088  >  56716 [PSH, ACK] Seq=809 Ack=231 Win=509 Len=15 TSval=2801621559 TSecr=2463292248"
"344","56.511223","172.19.0.7","172.19.0.6","TCP","70","48876  >  8088 [PSH, ACK] Seq=231 Ack=824 Win=502 Len=4 TSval=2398571017 TSecr=1216110416 [TCP segment of a reassembled PDU]"
"345","56.511355","172.19.0.6","172.19.0.7","TCP","66","8088  >  48876 [ACK] Seq=824 Ack=235 Win=509 Len=0 TSval=1216110417 TSecr=2398571017"
"346","56.511724","172.19.0.8","172.19.0.7","TCP","70","56716  >  8088 [PSH, ACK] Seq=231 Ack=824 Win=502 Len=4 TSval=2463293250 TSecr=2801621559 [TCP segment of a reassembled PDU]"
"347","56.511751","172.19.0.7","172.19.0.8","TCP","66","8088  >  56716 [ACK] Seq=824 Ack=235 Win=509 Len=0 TSval=2801621559 TSecr=2463293250"
"348","57.510848","172.19.0.6","172.19.0.7","TCP","80","8088  >  48876 [PSH, ACK] Seq=824 Ack=235 Win=509 Len=14 TSval=1216111416 TSecr=2398571017 [TCP segment of a reassembled PDU]"
"349","57.511209","172.19.0.7","172.19.0.8","TCP","80","8088  >  56716 [PSH, ACK] Seq=824 Ack=235 Win=509 Len=14 TSval=2801622559 TSecr=2463293250 [TCP segment of a reassembled PDU]"
"350","57.511910","172.19.0.7","172.19.0.6","TCP","70","48876  >  8088 [PSH, ACK] Seq=235 Ack=838 Win=502 Len=4 TSval=2398572017 TSecr=1216111416 [TCP segment of a reassembled PDU]"
"351","57.511926","172.19.0.8","172.19.0.7","TCP","70","56716  >  8088 [PSH, ACK] Seq=235 Ack=838 Win=502 Len=4 TSval=2463294250 TSecr=2801622559 [TCP segment of a reassembled PDU]"
"352","57.511951","172.19.0.7","172.19.0.8","TCP","66","8088  >  56716 [ACK] Seq=838 Ack=239 Win=509 Len=0 TSval=2801622559 TSecr=2463294250"
"353","57.512025","172.19.0.6","172.19.0.7","TCP","66","8088  >  48876 [ACK] Seq=838 Ack=239 Win=509 Len=0 TSval=1216111417 TSecr=2398572017"
"354","58.511346","172.19.0.6","172.19.0.7","TCP","81","8088  >  48876 [PSH, ACK] Seq=838 Ack=239 Win=509 Len=15 TSval=1216112417 TSecr=2398572017"
"355","58.511787","172.19.0.7","172.19.0.8","TCP","81","8088  >  56716 [PSH, ACK] Seq=838 Ack=239 Win=509 Len=15 TSval=2801623559 TSecr=2463294250"
"356","58.511962","172.19.0.7","172.19.0.6","TCP","70","48876  >  8088 [PSH, ACK] Seq=239 Ack=853 Win=502 Len=4 TSval=2398573017 TSecr=1216112417 [TCP segment of a reassembled PDU]"
"357","58.512079","172.19.0.6","172.19.0.7","TCP","66","8088  >  48876 [ACK] Seq=853 Ack=243 Win=509 Len=0 TSval=1216112418 TSecr=2398573017"
"358","58.512394","172.19.0.8","172.19.0.7","TCP","70","56716  >  8088 [PSH, ACK] Seq=239 Ack=853 Win=502 Len=4 TSval=2463295251 TSecr=2801623559 [TCP segment of a reassembled PDU]"
"359","58.512421","172.19.0.7","172.19.0.8","TCP","66","8088  >  56716 [ACK] Seq=853 Ack=243 Win=509 Len=0 TSval=2801623560 TSecr=2463295251"
"360","59.513004","172.19.0.6","172.19.0.7","TCP","81","8088  >  48876 [PSH, ACK] Seq=853 Ack=243 Win=509 Len=15 TSval=1216113418 TSecr=2398573017"
"361","59.513408","172.19.0.7","172.19.0.8","TCP","81","8088  >  56716 [PSH, ACK] Seq=853 Ack=243 Win=509 Len=15 TSval=2801624561 TSecr=2463295251"
"362","59.513513","172.19.0.7","172.19.0.6","TCP","70","48876  >  8088 [PSH, ACK] Seq=243 Ack=868 Win=502 Len=4 TSval=2398574019 TSecr=1216113418 [TCP segment of a reassembled PDU]"
"363","59.513756","172.19.0.6","172.19.0.7","TCP","66","8088  >  48876 [ACK] Seq=868 Ack=247 Win=509 Len=0 TSval=1216113419 TSecr=2398574019"
"364","59.514009","172.19.0.8","172.19.0.7","TCP","70","56716  >  8088 [PSH, ACK] Seq=243 Ack=868 Win=502 Len=4 TSval=2463296253 TSecr=2801624561 [TCP segment of a reassembled PDU]"
"365","59.514037","172.19.0.7","172.19.0.8","TCP","66","8088  >  56716 [ACK] Seq=868 Ack=247 Win=509 Len=0 TSval=2801624562 TSecr=2463296253"
"366","60.513962","172.19.0.6","172.19.0.7","TCP","81","8088  >  48876 [PSH, ACK] Seq=868 Ack=247 Win=509 Len=15 TSval=1216114419 TSecr=2398574019"
"367","60.514358","172.19.0.7","172.19.0.8","TCP","81","8088  >  56716 [PSH, ACK] Seq=868 Ack=247 Win=509 Len=15 TSval=2801625562 TSecr=2463296253"
"368","60.514616","172.19.0.7","172.19.0.6","TCP","70","48876  >  8088 [PSH, ACK] Seq=247 Ack=883 Win=502 Len=4 TSval=2398575020 TSecr=1216114419 [TCP segment of a reassembled PDU]"
"369","60.514778","172.19.0.6","172.19.0.7","TCP","66","8088  >  48876 [ACK] Seq=883 Ack=251 Win=509 Len=0 TSval=1216114420 TSecr=2398575020"
"370","60.514990","172.19.0.8","172.19.0.7","TCP","70","56716  >  8088 [PSH, ACK] Seq=247 Ack=883 Win=502 Len=4 TSval=2463297253 TSecr=2801625562 [TCP segment of a reassembled PDU]"
"371","60.515018","172.19.0.7","172.19.0.8","TCP","66","8088  >  56716 [ACK] Seq=883 Ack=251 Win=509 Len=0 TSval=2801625563 TSecr=2463297253"
"372","61.514827","172.19.0.6","172.19.0.7","TCP","80","8088  >  48876 [PSH, ACK] Seq=883 Ack=251 Win=509 Len=14 TSval=1216115420 TSecr=2398575020 [TCP segment of a reassembled PDU]"
"373","61.515168","172.19.0.7","172.19.0.8","TCP","80","8088  >  56716 [PSH, ACK] Seq=883 Ack=251 Win=509 Len=14 TSval=2801626563 TSecr=2463297253 [TCP segment of a reassembled PDU]"
"374","61.515363","172.19.0.7","172.19.0.6","TCP","70","48876  >  8088 [PSH, ACK] Seq=251 Ack=897 Win=502 Len=4 TSval=2398576021 TSecr=1216115420 [TCP segment of a reassembled PDU]"
"375","61.515505","172.19.0.6","172.19.0.7","TCP","66","8088  >  48876 [ACK] Seq=897 Ack=255 Win=509 Len=0 TSval=1216115421 TSecr=2398576021"
"376","61.515964","172.19.0.8","172.19.0.7","TCP","70","56716  >  8088 [PSH, ACK] Seq=251 Ack=897 Win=502 Len=4 TSval=2463298254 TSecr=2801626563 [TCP segment of a reassembled PDU]"
"377","61.515985","172.19.0.7","172.19.0.8","TCP","66","8088  >  56716 [ACK] Seq=897 Ack=255 Win=509 Len=0 TSval=2801626564 TSecr=2463298254"
"378","62.515686","172.19.0.6","172.19.0.7","TCP","81","8088  >  48876 [PSH, ACK] Seq=897 Ack=255 Win=509 Len=15 TSval=1216116421 TSecr=2398576021"
"379","62.516088","172.19.0.7","172.19.0.8","TCP","81","8088  >  56716 [PSH, ACK] Seq=897 Ack=255 Win=509 Len=15 TSval=2801627564 TSecr=2463298254"
"380","62.516220","172.19.0.7","172.19.0.6","TCP","70","48876  >  8088 [PSH, ACK] Seq=255 Ack=912 Win=502 Len=4 TSval=2398577022 TSecr=1216116421 [TCP segment of a reassembled PDU]"
"381","62.516323","172.19.0.6","172.19.0.7","TCP","66","8088  >  48876 [ACK] Seq=912 Ack=259 Win=509 Len=0 TSval=1216116422 TSecr=2398577022"
"382","62.516615","172.19.0.8","172.19.0.7","TCP","70","56716  >  8088 [PSH, ACK] Seq=255 Ack=912 Win=502 Len=4 TSval=2463299255 TSecr=2801627564 [TCP segment of a reassembled PDU]"
"383","62.516635","172.19.0.7","172.19.0.8","TCP","66","8088  >  56716 [ACK] Seq=912 Ack=259 Win=509 Len=0 TSval=2801627564 TSecr=2463299255"
"384","63.516873","172.19.0.6","172.19.0.7","TCP","81","8088  >  48876 [PSH, ACK] Seq=912 Ack=259 Win=509 Len=15 TSval=1216117422 TSecr=2398577022"
"385","63.517286","172.19.0.7","172.19.0.8","TCP","81","8088  >  56716 [PSH, ACK] Seq=912 Ack=259 Win=509 Len=15 TSval=2801628565 TSecr=2463299255"
"386","63.517446","172.19.0.7","172.19.0.6","TCP","70","48876  >  8088 [PSH, ACK] Seq=259 Ack=927 Win=502 Len=4 TSval=2398578023 TSecr=1216117422 [TCP segment of a reassembled PDU]"
"387","63.517597","172.19.0.6","172.19.0.7","TCP","66","8088  >  48876 [ACK] Seq=927 Ack=263 Win=509 Len=0 TSval=1216117423 TSecr=2398578023"
"388","63.517813","172.19.0.8","172.19.0.7","TCP","70","56716  >  8088 [PSH, ACK] Seq=259 Ack=927 Win=502 Len=4 TSval=2463300256 TSecr=2801628565 [TCP segment of a reassembled PDU]"
"389","63.517838","172.19.0.7","172.19.0.8","TCP","66","8088  >  56716 [ACK] Seq=927 Ack=263 Win=509 Len=0 TSval=2801628565 TSecr=2463300256"
"390","64.518121","172.19.0.6","172.19.0.7","TCP","81","8088  >  48876 [PSH, ACK] Seq=927 Ack=263 Win=509 Len=15 TSval=1216118424 TSecr=2398578023"
"391","64.518593","172.19.0.7","172.19.0.8","TCP","81","8088  >  56716 [PSH, ACK] Seq=927 Ack=263 Win=509 Len=15 TSval=2801629566 TSecr=2463300256"
"392","64.518757","172.19.0.7","172.19.0.6","TCP","70","48876  >  8088 [PSH, ACK] Seq=263 Ack=942 Win=502 Len=4 TSval=2398579024 TSecr=1216118424 [TCP segment of a reassembled PDU]"
"393","64.518892","172.19.0.6","172.19.0.7","TCP","66","8088  >  48876 [ACK] Seq=942 Ack=267 Win=509 Len=0 TSval=1216118424 TSecr=2398579024"
"394","64.519245","172.19.0.8","172.19.0.7","TCP","70","56716  >  8088 [PSH, ACK] Seq=263 Ack=942 Win=502 Len=4 TSval=2463301258 TSecr=2801629566 [TCP segment of a reassembled PDU]"
"395","64.519287","172.19.0.7","172.19.0.8","TCP","66","8088  >  56716 [ACK] Seq=942 Ack=267 Win=509 Len=0 TSval=2801629567 TSecr=2463301258"
"396","65.521178","172.19.0.6","172.19.0.7","TCP","81","8088  >  48876 [PSH, ACK] Seq=942 Ack=267 Win=509 Len=15 TSval=1216119427 TSecr=2398579024"
"397","65.521858","172.19.0.7","172.19.0.8","TCP","81","8088  >  56716 [PSH, ACK] Seq=942 Ack=267 Win=509 Len=15 TSval=2801630569 TSecr=2463301258"
"398","65.522561","172.19.0.8","172.19.0.7","TCP","70","56716  >  8088 [PSH, ACK] Seq=267 Ack=957 Win=502 Len=4 TSval=2463302261 TSecr=2801630569 [TCP segment of a reassembled PDU]"
"399","65.522627","172.19.0.7","172.19.0.8","TCP","66","8088  >  56716 [ACK] Seq=957 Ack=271 Win=509 Len=0 TSval=2801630570 TSecr=2463302261"
"400","65.523208","172.19.0.7","172.19.0.6","TCP","70","48876  >  8088 [PSH, ACK] Seq=267 Ack=957 Win=502 Len=4 TSval=2398580029 TSecr=1216119427 [TCP segment of a reassembled PDU]"
"401","65.523733","172.19.0.6","172.19.0.7","TCP","66","8088  >  48876 [ACK] Seq=957 Ack=271 Win=509 Len=0 TSval=1216119429 TSecr=2398580029"
"402","66.520448","172.19.0.6","172.19.0.7","TCP","81","8088  >  48876 [PSH, ACK] Seq=957 Ack=271 Win=509 Len=15 TSval=1216120426 TSecr=2398580029"
"403","66.520577","172.19.0.7","172.19.0.8","TCP","81","8088  >  56716 [PSH, ACK] Seq=957 Ack=271 Win=509 Len=15 TSval=2801631568 TSecr=2463302261"
"404","66.520703","172.19.0.7","172.19.0.6","TCP","70","48876  >  8088 [PSH, ACK] Seq=271 Ack=972 Win=502 Len=4 TSval=2398581026 TSecr=1216120426 [TCP segment of a reassembled PDU]"
"405","66.520747","172.19.0.6","172.19.0.7","TCP","66","8088  >  48876 [ACK] Seq=972 Ack=275 Win=509 Len=0 TSval=1216120426 TSecr=2398581026"
"406","66.521369","172.19.0.8","172.19.0.7","TCP","70","56716  >  8088 [PSH, ACK] Seq=271 Ack=972 Win=502 Len=4 TSval=2463303260 TSecr=2801631568 [TCP segment of a reassembled PDU]"
"407","66.521390","172.19.0.7","172.19.0.8","TCP","66","8088  >  56716 [ACK] Seq=972 Ack=275 Win=509 Len=0 TSval=2801631569 TSecr=2463303260"
"408","67.521641","172.19.0.6","172.19.0.7","TCP","81","8088  >  48876 [PSH, ACK] Seq=972 Ack=275 Win=509 Len=15 TSval=1216121427 TSecr=2398581026"
"409","67.522624","172.19.0.7","172.19.0.8","TCP","81","8088  >  56716 [PSH, ACK] Seq=972 Ack=275 Win=509 Len=15 TSval=2801632570 TSecr=2463303260"
"410","67.522897","172.19.0.7","172.19.0.6","TCP","70","48876  >  8088 [PSH, ACK] Seq=275 Ack=987 Win=502 Len=4 TSval=2398582028 TSecr=1216121427 [TCP segment of a reassembled PDU]"
"411","67.523066","172.19.0.6","172.19.0.7","TCP","66","8088  >  48876 [ACK] Seq=987 Ack=279 Win=509 Len=0 TSval=1216121429 TSecr=2398582028"
"412","67.524547","172.19.0.8","172.19.0.7","TCP","70","56716  >  8088 [PSH, ACK] Seq=275 Ack=987 Win=502 Len=4 TSval=2463304263 TSecr=2801632570 [TCP segment of a reassembled PDU]"
"413","67.524607","172.19.0.7","172.19.0.8","TCP","66","8088  >  56716 [ACK] Seq=987 Ack=279 Win=509 Len=0 TSval=2801632572 TSecr=2463304263"
"414","68.524606","172.19.0.6","172.19.0.7","TCP","81","8088  >  48876 [PSH, ACK] Seq=987 Ack=279 Win=509 Len=15 TSval=1216122430 TSecr=2398582028"
"415","68.525383","172.19.0.7","172.19.0.8","TCP","81","8088  >  56716 [PSH, ACK] Seq=987 Ack=279 Win=509 Len=15 TSval=2801633573 TSecr=2463304263"
"416","68.525584","172.19.0.7","172.19.0.6","TCP","70","48876  >  8088 [PSH, ACK] Seq=279 Ack=1002 Win=502 Len=4 TSval=2398583031 TSecr=1216122430 [TCP segment of a reassembled PDU]"
"417","68.525748","172.19.0.6","172.19.0.7","TCP","66","8088  >  48876 [ACK] Seq=1002 Ack=283 Win=509 Len=0 TSval=1216122431 TSecr=2398583031"
"418","68.526253","172.19.0.8","172.19.0.7","TCP","70","56716  >  8088 [PSH, ACK] Seq=279 Ack=1002 Win=502 Len=4 TSval=2463305265 TSecr=2801633573 [TCP segment of a reassembled PDU]"
"419","68.526273","172.19.0.7","172.19.0.8","TCP","66","8088  >  56716 [ACK] Seq=1002 Ack=283 Win=509 Len=0 TSval=2801633574 TSecr=2463305265"
"420","69.527051","172.19.0.6","172.19.0.7","TCP","81","8088  >  48876 [PSH, ACK] Seq=1002 Ack=283 Win=509 Len=15 TSval=1216123433 TSecr=2398583031"
"421","69.527593","172.19.0.7","172.19.0.8","TCP","81","8088  >  56716 [PSH, ACK] Seq=1002 Ack=283 Win=509 Len=15 TSval=2801634575 TSecr=2463305265"
"422","69.527708","172.19.0.7","172.19.0.6","TCP","70","48876  >  8088 [PSH, ACK] Seq=283 Ack=1017 Win=502 Len=4 TSval=2398584033 TSecr=1216123433 [TCP segment of a reassembled PDU]"
"423","69.527776","172.19.0.6","172.19.0.7","TCP","66","8088  >  48876 [ACK] Seq=1017 Ack=287 Win=509 Len=0 TSval=1216123433 TSecr=2398584033"
"424","69.528020","172.19.0.8","172.19.0.7","TCP","70","56716  >  8088 [PSH, ACK] Seq=283 Ack=1017 Win=502 Len=4 TSval=2463306266 TSecr=2801634575 [TCP segment of a reassembled PDU]"
"425","69.528047","172.19.0.7","172.19.0.8","TCP","66","8088  >  56716 [ACK] Seq=1017 Ack=287 Win=509 Len=0 TSval=2801634576 TSecr=2463306266"
"426","70.526109","172.19.0.6","172.19.0.7","TCP","81","8088  >  48876 [PSH, ACK] Seq=1017 Ack=287 Win=509 Len=15 TSval=1216124432 TSecr=2398584033"
"427","70.526491","172.19.0.7","172.19.0.8","TCP","81","8088  >  56716 [PSH, ACK] Seq=1017 Ack=287 Win=509 Len=15 TSval=2801635574 TSecr=2463306266"
"428","70.526677","172.19.0.7","172.19.0.6","TCP","70","48876  >  8088 [PSH, ACK] Seq=287 Ack=1032 Win=502 Len=4 TSval=2398585032 TSecr=1216124432 [TCP segment of a reassembled PDU]"
"429","70.527050","172.19.0.6","172.19.0.7","TCP","66","8088  >  48876 [ACK] Seq=1032 Ack=291 Win=509 Len=0 TSval=1216124433 TSecr=2398585032"
"430","70.527586","172.19.0.8","172.19.0.7","TCP","70","56716  >  8088 [PSH, ACK] Seq=287 Ack=1032 Win=502 Len=4 TSval=2463307266 TSecr=2801635574 [TCP segment of a reassembled PDU]"
"431","70.527632","172.19.0.7","172.19.0.8","TCP","66","8088  >  56716 [ACK] Seq=1032 Ack=291 Win=509 Len=0 TSval=2801635575 TSecr=2463307266"
"432","71.526231","172.19.0.6","172.19.0.7","TCP","81","8088  >  48876 [PSH, ACK] Seq=1032 Ack=291 Win=509 Len=15 TSval=1216125432 TSecr=2398585032"
"433","71.526617","172.19.0.7","172.19.0.8","TCP","81","8088  >  56716 [PSH, ACK] Seq=1032 Ack=291 Win=509 Len=15 TSval=2801636574 TSecr=2463307266"
"434","71.527166","172.19.0.8","172.19.0.7","TCP","70","56716  >  8088 [PSH, ACK] Seq=291 Ack=1047 Win=502 Len=4 TSval=2463308266 TSecr=2801636574 [TCP segment of a reassembled PDU]"
"435","71.527191","172.19.0.7","172.19.0.8","TCP","66","8088  >  56716 [ACK] Seq=1047 Ack=295 Win=509 Len=0 TSval=2801636575 TSecr=2463308266"
"436","71.527349","172.19.0.7","172.19.0.6","TCP","70","48876  >  8088 [PSH, ACK] Seq=291 Ack=1047 Win=502 Len=4 TSval=2398586033 TSecr=1216125432 [TCP segment of a reassembled PDU]"
"437","71.527489","172.19.0.6","172.19.0.7","TCP","66","8088  >  48876 [ACK] Seq=1047 Ack=295 Win=509 Len=0 TSval=1216125433 TSecr=2398586033"
"438","72.530554","172.19.0.6","172.19.0.7","TCP","81","8088  >  48876 [PSH, ACK] Seq=1047 Ack=295 Win=509 Len=15 TSval=1216126436 TSecr=2398586033"
"439","72.531553","172.19.0.7","172.19.0.8","TCP","81","8088  >  56716 [PSH, ACK] Seq=1047 Ack=295 Win=509 Len=15 TSval=2801637579 TSecr=2463308266"
"440","72.531647","172.19.0.7","172.19.0.6","TCP","70","48876  >  8088 [PSH, ACK] Seq=295 Ack=1062 Win=502 Len=4 TSval=2398587037 TSecr=1216126436 [TCP segment of a reassembled PDU]"
"441","72.531814","172.19.0.6","172.19.0.7","TCP","66","8088  >  48876 [ACK] Seq=1062 Ack=299 Win=509 Len=0 TSval=1216126437 TSecr=2398587037"
"442","72.532242","172.19.0.8","172.19.0.7","TCP","70","56716  >  8088 [PSH, ACK] Seq=295 Ack=1062 Win=502 Len=4 TSval=2463309271 TSecr=2801637579 [TCP segment of a reassembled PDU]"
"443","72.532294","172.19.0.7","172.19.0.8","TCP","66","8088  >  56716 [ACK] Seq=1062 Ack=299 Win=509 Len=0 TSval=2801637580 TSecr=2463309271"
"444","73.528679","172.19.0.6","172.19.0.7","TCP","81","8088  >  48876 [PSH, ACK] Seq=1062 Ack=299 Win=509 Len=15 TSval=1216127434 TSecr=2398587037"
"445","73.529135","172.19.0.7","172.19.0.8","TCP","81","8088  >  56716 [PSH, ACK] Seq=1062 Ack=299 Win=509 Len=15 TSval=2801638577 TSecr=2463309271"
"446","73.529282","172.19.0.7","172.19.0.6","TCP","70","48876  >  8088 [PSH, ACK] Seq=299 Ack=1077 Win=502 Len=4 TSval=2398588035 TSecr=1216127434 [TCP segment of a reassembled PDU]"
"447","73.529469","172.19.0.6","172.19.0.7","TCP","66","8088  >  48876 [ACK] Seq=1077 Ack=303 Win=509 Len=0 TSval=1216127435 TSecr=2398588035"
"448","73.529789","172.19.0.8","172.19.0.7","TCP","70","56716  >  8088 [PSH, ACK] Seq=299 Ack=1077 Win=502 Len=4 TSval=2463310268 TSecr=2801638577 [TCP segment of a reassembled PDU]"
"449","73.529835","172.19.0.7","172.19.0.8","TCP","66","8088  >  56716 [ACK] Seq=1077 Ack=303 Win=509 Len=0 TSval=2801638577 TSecr=2463310268"
"450","74.530641","172.19.0.6","172.19.0.7","TCP","81","8088  >  48876 [PSH, ACK] Seq=1077 Ack=303 Win=509 Len=15 TSval=1216128436 TSecr=2398588035"
"451","74.531077","172.19.0.7","172.19.0.8","TCP","81","8088  >  56716 [PSH, ACK] Seq=1077 Ack=303 Win=509 Len=15 TSval=2801639579 TSecr=2463310268"
"452","74.531213","172.19.0.7","172.19.0.6","TCP","70","48876  >  8088 [PSH, ACK] Seq=303 Ack=1092 Win=502 Len=4 TSval=2398589037 TSecr=1216128436 [TCP segment of a reassembled PDU]"
"453","74.531280","172.19.0.6","172.19.0.7","TCP","66","8088  >  48876 [ACK] Seq=1092 Ack=307 Win=509 Len=0 TSval=1216128437 TSecr=2398589037"
"454","74.531538","172.19.0.8","172.19.0.7","TCP","70","56716  >  8088 [PSH, ACK] Seq=303 Ack=1092 Win=502 Len=4 TSval=2463311270 TSecr=2801639579 [TCP segment of a reassembled PDU]"
"455","74.531585","172.19.0.7","172.19.0.8","TCP","66","8088  >  56716 [ACK] Seq=1092 Ack=307 Win=509 Len=0 TSval=2801639579 TSecr=2463311270"
"456","75.530898","172.19.0.6","172.19.0.7","TCP","81","8088  >  48876 [PSH, ACK] Seq=1092 Ack=307 Win=509 Len=15 TSval=1216129436 TSecr=2398589037"
"457","75.531060","172.19.0.7","172.19.0.8","TCP","81","8088  >  56716 [PSH, ACK] Seq=1092 Ack=307 Win=509 Len=15 TSval=2801640579 TSecr=2463311270"
"458","75.531151","172.19.0.7","172.19.0.6","TCP","70","48876  >  8088 [PSH, ACK] Seq=307 Ack=1107 Win=502 Len=4 TSval=2398590037 TSecr=1216129436 [TCP segment of a reassembled PDU]"
"459","75.531219","172.19.0.6","172.19.0.7","TCP","66","8088  >  48876 [ACK] Seq=1107 Ack=311 Win=509 Len=0 TSval=1216129437 TSecr=2398590037"
"460","75.531694","172.19.0.8","172.19.0.7","TCP","70","56716  >  8088 [PSH, ACK] Seq=307 Ack=1107 Win=502 Len=4 TSval=2463312270 TSecr=2801640579 [TCP segment of a reassembled PDU]"
"461","75.531720","172.19.0.7","172.19.0.8","TCP","66","8088  >  56716 [ACK] Seq=1107 Ack=311 Win=509 Len=0 TSval=2801640579 TSecr=2463312270"
"462","76.532027","172.19.0.6","172.19.0.7","TCP","81","8088  >  48876 [PSH, ACK] Seq=1107 Ack=311 Win=509 Len=15 TSval=1216130438 TSecr=2398590037"
"463","76.532388","172.19.0.7","172.19.0.8","TCP","81","8088  >  56716 [PSH, ACK] Seq=1107 Ack=311 Win=509 Len=15 TSval=2801641580 TSecr=2463312270"
"464","76.532503","172.19.0.7","172.19.0.6","TCP","70","48876  >  8088 [PSH, ACK] Seq=311 Ack=1122 Win=502 Len=4 TSval=2398591038 TSecr=1216130438 [TCP segment of a reassembled PDU]"
"465","76.532597","172.19.0.6","172.19.0.7","TCP","66","8088  >  48876 [ACK] Seq=1122 Ack=315 Win=509 Len=0 TSval=1216130438 TSecr=2398591038"
"466","76.532884","172.19.0.8","172.19.0.7","TCP","70","56716  >  8088 [PSH, ACK] Seq=311 Ack=1122 Win=502 Len=4 TSval=2463313271 TSecr=2801641580 [TCP segment of a reassembled PDU]"
"467","76.532958","172.19.0.7","172.19.0.8","TCP","66","8088  >  56716 [ACK] Seq=1122 Ack=315 Win=509 Len=0 TSval=2801641580 TSecr=2463313271"
"468","77.532794","172.19.0.6","172.19.0.7","TCP","81","8088  >  48876 [PSH, ACK] Seq=1122 Ack=315 Win=509 Len=15 TSval=1216131438 TSecr=2398591038"
"469","77.533307","172.19.0.7","172.19.0.8","TCP","81","8088  >  56716 [PSH, ACK] Seq=1122 Ack=315 Win=509 Len=15 TSval=2801642581 TSecr=2463313271"
"470","77.533496","172.19.0.7","172.19.0.6","TCP","70","48876  >  8088 [PSH, ACK] Seq=315 Ack=1137 Win=502 Len=4 TSval=2398592039 TSecr=1216131438 [TCP segment of a reassembled PDU]"
"471","77.533629","172.19.0.6","172.19.0.7","TCP","66","8088  >  48876 [ACK] Seq=1137 Ack=319 Win=509 Len=0 TSval=1216131439 TSecr=2398592039"
"472","77.534152","172.19.0.8","172.19.0.7","TCP","70","56716  >  8088 [PSH, ACK] Seq=315 Ack=1137 Win=502 Len=4 TSval=2463314273 TSecr=2801642581 [TCP segment of a reassembled PDU]"
"473","77.534172","172.19.0.7","172.19.0.8","TCP","66","8088  >  56716 [ACK] Seq=1137 Ack=319 Win=509 Len=0 TSval=2801642582 TSecr=2463314273"
"474","78.533379","172.19.0.6","172.19.0.7","TCP","81","8088  >  48876 [PSH, ACK] Seq=1137 Ack=319 Win=509 Len=15 TSval=1216132439 TSecr=2398592039"
"475","78.533843","172.19.0.7","172.19.0.8","TCP","81","8088  >  56716 [PSH, ACK] Seq=1137 Ack=319 Win=509 Len=15 TSval=2801643581 TSecr=2463314273"
"476","78.533967","172.19.0.7","172.19.0.6","TCP","70","48876  >  8088 [PSH, ACK] Seq=319 Ack=1152 Win=502 Len=4 TSval=2398593039 TSecr=1216132439 [TCP segment of a reassembled PDU]"
"477","78.534058","172.19.0.6","172.19.0.7","TCP","66","8088  >  48876 [ACK] Seq=1152 Ack=323 Win=509 Len=0 TSval=1216132440 TSecr=2398593039"
"478","78.534394","172.19.0.8","172.19.0.7","TCP","70","56716  >  8088 [PSH, ACK] Seq=319 Ack=1152 Win=502 Len=4 TSval=2463315273 TSecr=2801643581 [TCP segment of a reassembled PDU]"
"479","78.534457","172.19.0.7","172.19.0.8","TCP","66","8088  >  56716 [ACK] Seq=1152 Ack=323 Win=509 Len=0 TSval=2801643582 TSecr=2463315273"
"480","79.462296","fe80::8cfa:9fff:fe8b:ff4f","ff02::fb","MDNS","102","Standard query 0x0000 PTR _pgpkey-hkp._tcp.local, ""QM"" question"
"481","79.462950","fe80::42:14ff:fe7b:3250","ff02::fb","MDNS","102","Standard query 0x0000 PTR _pgpkey-hkp._tcp.local, ""QM"" question"
"482","79.463093","172.19.0.1","224.0.0.251","MDNS","82","Standard query 0x0000 PTR _pgpkey-hkp._tcp.local, ""QM"" question"
"483","79.535830","172.19.0.6","172.19.0.7","TCP","81","8088  >  48876 [PSH, ACK] Seq=1152 Ack=323 Win=509 Len=15 TSval=1216133441 TSecr=2398593039"
"484","79.536189","172.19.0.7","172.19.0.8","TCP","81","8088  >  56716 [PSH, ACK] Seq=1152 Ack=323 Win=509 Len=15 TSval=2801644584 TSecr=2463315273"
"485","79.536366","172.19.0.7","172.19.0.6","TCP","70","48876  >  8088 [PSH, ACK] Seq=323 Ack=1167 Win=502 Len=4 TSval=2398594042 TSecr=1216133441 [TCP segment of a reassembled PDU]"
"486","79.536491","172.19.0.6","172.19.0.7","TCP","66","8088  >  48876 [ACK] Seq=1167 Ack=327 Win=509 Len=0 TSval=1216133442 TSecr=2398594042"
"487","79.537260","172.19.0.8","172.19.0.7","TCP","70","56716  >  8088 [PSH, ACK] Seq=323 Ack=1167 Win=502 Len=4 TSval=2463316276 TSecr=2801644584 [TCP segment of a reassembled PDU]"
"488","79.537285","172.19.0.7","172.19.0.8","TCP","66","8088  >  56716 [ACK] Seq=1167 Ack=327 Win=509 Len=0 TSval=2801644585 TSecr=2463316276"
"489","80.538369","172.19.0.6","172.19.0.7","TCP","81","8088  >  48876 [PSH, ACK] Seq=1167 Ack=327 Win=509 Len=15 TSval=1216134444 TSecr=2398594042"
"490","80.539201","172.19.0.7","172.19.0.8","TCP","81","8088  >  56716 [PSH, ACK] Seq=1167 Ack=327 Win=509 Len=15 TSval=2801645587 TSecr=2463316276"
"491","80.539555","172.19.0.7","172.19.0.6","TCP","70","48876  >  8088 [PSH, ACK] Seq=327 Ack=1182 Win=502 Len=4 TSval=2398595045 TSecr=1216134444 [TCP segment of a reassembled PDU]"
"492","80.539775","172.19.0.6","172.19.0.7","TCP","66","8088  >  48876 [ACK] Seq=1182 Ack=331 Win=509 Len=0 TSval=1216134445 TSecr=2398595045"
"493","80.542670","172.19.0.8","172.19.0.7","TCP","70","56716  >  8088 [PSH, ACK] Seq=327 Ack=1182 Win=502 Len=4 TSval=2463317281 TSecr=2801645587 [TCP segment of a reassembled PDU]"
"494","80.542696","172.19.0.7","172.19.0.8","TCP","66","8088  >  56716 [ACK] Seq=1182 Ack=331 Win=509 Len=0 TSval=2801645590 TSecr=2463317281"
"495","81.537870","172.19.0.6","172.19.0.7","TCP","81","8088  >  48876 [PSH, ACK] Seq=1182 Ack=331 Win=509 Len=15 TSval=1216135443 TSecr=2398595045"
"496","81.538641","172.19.0.7","172.19.0.8","TCP","81","8088  >  56716 [PSH, ACK] Seq=1182 Ack=331 Win=509 Len=15 TSval=2801646586 TSecr=2463317281"
"497","81.539698","172.19.0.8","172.19.0.7","TCP","70","56716  >  8088 [PSH, ACK] Seq=331 Ack=1197 Win=502 Len=4 TSval=2463318278 TSecr=2801646586 [TCP segment of a reassembled PDU]"
"498","81.539725","172.19.0.7","172.19.0.8","TCP","66","8088  >  56716 [ACK] Seq=1197 Ack=335 Win=509 Len=0 TSval=2801646587 TSecr=2463318278"
"499","81.540486","172.19.0.7","172.19.0.6","TCP","70","48876  >  8088 [PSH, ACK] Seq=331 Ack=1197 Win=502 Len=4 TSval=2398596046 TSecr=1216135443 [TCP segment of a reassembled PDU]"
"500","81.540652","172.19.0.6","172.19.0.7","TCP","66","8088  >  48876 [ACK] Seq=1197 Ack=335 Win=509 Len=0 TSval=1216135446 TSecr=2398596046"
"501","82.537099","172.19.0.6","172.19.0.7","TCP","81","8088  >  48876 [PSH, ACK] Seq=1197 Ack=335 Win=509 Len=15 TSval=1216136443 TSecr=2398596046"
"502","82.537632","172.19.0.7","172.19.0.8","TCP","81","8088  >  56716 [PSH, ACK] Seq=1197 Ack=335 Win=509 Len=15 TSval=2801647585 TSecr=2463318278"
"503","82.537783","172.19.0.7","172.19.0.6","TCP","70","48876  >  8088 [PSH, ACK] Seq=335 Ack=1212 Win=502 Len=4 TSval=2398597043 TSecr=1216136443 [TCP segment of a reassembled PDU]"
"504","82.537922","172.19.0.6","172.19.0.7","TCP","66","8088  >  48876 [ACK] Seq=1212 Ack=339 Win=509 Len=0 TSval=1216136443 TSecr=2398597043"
"505","82.540081","172.19.0.8","172.19.0.7","TCP","70","56716  >  8088 [PSH, ACK] Seq=335 Ack=1212 Win=502 Len=4 TSval=2463319279 TSecr=2801647585 [TCP segment of a reassembled PDU]"
"506","82.540110","172.19.0.7","172.19.0.8","TCP","66","8088  >  56716 [ACK] Seq=1212 Ack=339 Win=509 Len=0 TSval=2801647588 TSecr=2463319279"
"507","83.537601","172.19.0.6","172.19.0.7","TCP","81","8088  >  48876 [PSH, ACK] Seq=1212 Ack=339 Win=509 Len=15 TSval=1216137443 TSecr=2398597043"
"508","83.538054","172.19.0.7","172.19.0.8","TCP","81","8088  >  56716 [PSH, ACK] Seq=1212 Ack=339 Win=509 Len=15 TSval=2801648586 TSecr=2463319279"
"509","83.538268","172.19.0.7","172.19.0.6","TCP","70","48876  >  8088 [PSH, ACK] Seq=339 Ack=1227 Win=502 Len=4 TSval=2398598044 TSecr=1216137443 [TCP segment of a reassembled PDU]"
"510","83.538360","172.19.0.6","172.19.0.7","TCP","66","8088  >  48876 [ACK] Seq=1227 Ack=343 Win=509 Len=0 TSval=1216137444 TSecr=2398598044"
"511","83.539474","172.19.0.8","172.19.0.7","TCP","70","56716  >  8088 [PSH, ACK] Seq=339 Ack=1227 Win=502 Len=4 TSval=2463320278 TSecr=2801648586 [TCP segment of a reassembled PDU]"
"512","83.539501","172.19.0.7","172.19.0.8","TCP","66","8088  >  56716 [ACK] Seq=1227 Ack=343 Win=509 Len=0 TSval=2801648587 TSecr=2463320278"
"513","84.538262","172.19.0.6","172.19.0.7","TCP","81","8088  >  48876 [PSH, ACK] Seq=1227 Ack=343 Win=509 Len=15 TSval=1216138444 TSecr=2398598044"
"514","84.538879","172.19.0.7","172.19.0.8","TCP","81","8088  >  56716 [PSH, ACK] Seq=1227 Ack=343 Win=509 Len=15 TSval=2801649586 TSecr=2463320278"
"515","84.539091","172.19.0.7","172.19.0.6","TCP","70","48876  >  8088 [PSH, ACK] Seq=343 Ack=1242 Win=502 Len=4 TSval=2398599045 TSecr=1216138444 [TCP segment of a reassembled PDU]"
"516","84.539269","172.19.0.6","172.19.0.7","TCP","66","8088  >  48876 [ACK] Seq=1242 Ack=347 Win=509 Len=0 TSval=1216138445 TSecr=2398599045"
"517","84.539505","172.19.0.8","172.19.0.7","TCP","70","56716  >  8088 [PSH, ACK] Seq=343 Ack=1242 Win=502 Len=4 TSval=2463321278 TSecr=2801649586 [TCP segment of a reassembled PDU]"
"518","84.539798","172.19.0.7","172.19.0.8","TCP","66","8088  >  56716 [ACK] Seq=1242 Ack=347 Win=509 Len=0 TSval=2801649587 TSecr=2463321278"
"519","85.538928","172.19.0.6","172.19.0.7","TCP","81","8088  >  48876 [PSH, ACK] Seq=1242 Ack=347 Win=509 Len=15 TSval=1216139444 TSecr=2398599045"
"520","85.539225","172.19.0.7","172.19.0.8","TCP","81","8088  >  56716 [PSH, ACK] Seq=1242 Ack=347 Win=509 Len=15 TSval=2801650587 TSecr=2463321278"
"521","85.539357","172.19.0.7","172.19.0.6","TCP","70","48876  >  8088 [PSH, ACK] Seq=347 Ack=1257 Win=502 Len=4 TSval=2398600045 TSecr=1216139444 [TCP segment of a reassembled PDU]"
"522","85.539474","172.19.0.6","172.19.0.7","TCP","66","8088  >  48876 [ACK] Seq=1257 Ack=351 Win=509 Len=0 TSval=1216139445 TSecr=2398600045"
"523","85.539841","172.19.0.8","172.19.0.7","TCP","70","56716  >  8088 [PSH, ACK] Seq=347 Ack=1257 Win=502 Len=4 TSval=2463322278 TSecr=2801650587 [TCP segment of a reassembled PDU]"
"524","85.539867","172.19.0.7","172.19.0.8","TCP","66","8088  >  56716 [ACK] Seq=1257 Ack=351 Win=509 Len=0 TSval=2801650587 TSecr=2463322278"
"525","86.546399","172.19.0.6","172.19.0.7","TCP","81","8088  >  48876 [PSH, ACK] Seq=1257 Ack=351 Win=509 Len=15 TSval=1216140452 TSecr=2398600045"
"526","86.548756","172.19.0.7","172.19.0.8","TCP","81","8088  >  56716 [PSH, ACK] Seq=1257 Ack=351 Win=509 Len=15 TSval=2801651596 TSecr=2463322278"
"527","86.548935","172.19.0.7","172.19.0.6","TCP","70","48876  >  8088 [PSH, ACK] Seq=351 Ack=1272 Win=502 Len=4 TSval=2398601054 TSecr=1216140452 [TCP segment of a reassembled PDU]"
"528","86.549039","172.19.0.6","172.19.0.7","TCP","66","8088  >  48876 [ACK] Seq=1272 Ack=355 Win=509 Len=0 TSval=1216140455 TSecr=2398601054"
"529","86.549683","172.19.0.8","172.19.0.7","TCP","70","56716  >  8088 [PSH, ACK] Seq=351 Ack=1272 Win=502 Len=4 TSval=2463323288 TSecr=2801651596 [TCP segment of a reassembled PDU]"
"530","86.549708","172.19.0.7","172.19.0.8","TCP","66","8088  >  56716 [ACK] Seq=1272 Ack=355 Win=509 Len=0 TSval=2801651597 TSecr=2463323288"
"531","87.546748","172.19.0.6","172.19.0.7","TCP","81","8088  >  48876 [PSH, ACK] Seq=1272 Ack=355 Win=509 Len=15 TSval=1216141452 TSecr=2398601054"
"532","87.548575","172.19.0.7","172.19.0.8","TCP","81","8088  >  56716 [PSH, ACK] Seq=1272 Ack=355 Win=509 Len=15 TSval=2801652596 TSecr=2463323288"
"533","87.548723","172.19.0.7","172.19.0.6","TCP","70","48876  >  8088 [PSH, ACK] Seq=355 Ack=1287 Win=502 Len=4 TSval=2398602054 TSecr=1216141452 [TCP segment of a reassembled PDU]"
"534","87.548846","172.19.0.6","172.19.0.7","TCP","66","8088  >  48876 [ACK] Seq=1287 Ack=359 Win=509 Len=0 TSval=1216141454 TSecr=2398602054"
"535","87.549940","172.19.0.8","172.19.0.7","TCP","70","56716  >  8088 [PSH, ACK] Seq=355 Ack=1287 Win=502 Len=4 TSval=2463324288 TSecr=2801652596 [TCP segment of a reassembled PDU]"
"536","87.549977","172.19.0.7","172.19.0.8","TCP","66","8088  >  56716 [ACK] Seq=1287 Ack=359 Win=509 Len=0 TSval=2801652598 TSecr=2463324288"
"537","88.544789","172.19.0.6","172.19.0.7","TCP","81","8088  >  48876 [PSH, ACK] Seq=1287 Ack=359 Win=509 Len=15 TSval=1216142450 TSecr=2398602054"
"538","88.545790","172.19.0.7","172.19.0.8","TCP","81","8088  >  56716 [PSH, ACK] Seq=1287 Ack=359 Win=509 Len=15 TSval=2801653593 TSecr=2463324288"
"539","88.545941","172.19.0.7","172.19.0.6","TCP","70","48876  >  8088 [PSH, ACK] Seq=359 Ack=1302 Win=502 Len=4 TSval=2398603051 TSecr=1216142450 [TCP segment of a reassembled PDU]"
"540","88.546083","172.19.0.6","172.19.0.7","TCP","66","8088  >  48876 [ACK] Seq=1302 Ack=363 Win=509 Len=0 TSval=1216142452 TSecr=2398603051"
"541","88.546382","172.19.0.8","172.19.0.7","TCP","70","56716  >  8088 [PSH, ACK] Seq=359 Ack=1302 Win=502 Len=4 TSval=2463325285 TSecr=2801653593 [TCP segment of a reassembled PDU]"
"542","88.546426","172.19.0.7","172.19.0.8","TCP","66","8088  >  56716 [ACK] Seq=1302 Ack=363 Win=509 Len=0 TSval=2801653594 TSecr=2463325285"
"543","89.545272","172.19.0.6","172.19.0.7","TCP","81","8088  >  48876 [PSH, ACK] Seq=1302 Ack=363 Win=509 Len=15 TSval=1216143451 TSecr=2398603051"
"544","89.545910","172.19.0.7","172.19.0.8","TCP","81","8088  >  56716 [PSH, ACK] Seq=1302 Ack=363 Win=509 Len=15 TSval=2801654593 TSecr=2463325285"
"545","89.546013","172.19.0.7","172.19.0.6","TCP","70","48876  >  8088 [PSH, ACK] Seq=363 Ack=1317 Win=502 Len=4 TSval=2398604052 TSecr=1216143451 [TCP segment of a reassembled PDU]"
"546","89.546195","172.19.0.6","172.19.0.7","TCP","66","8088  >  48876 [ACK] Seq=1317 Ack=367 Win=509 Len=0 TSval=1216143452 TSecr=2398604052"
"547","89.547242","172.19.0.8","172.19.0.7","TCP","70","56716  >  8088 [PSH, ACK] Seq=363 Ack=1317 Win=502 Len=4 TSval=2463326286 TSecr=2801654593 [TCP segment of a reassembled PDU]"
"548","89.547293","172.19.0.7","172.19.0.8","TCP","66","8088  >  56716 [ACK] Seq=1317 Ack=367 Win=509 Len=0 TSval=2801654595 TSecr=2463326286"
"549","90.545288","172.19.0.6","172.19.0.7","TCP","81","8088  >  48876 [PSH, ACK] Seq=1317 Ack=367 Win=509 Len=15 TSval=1216144451 TSecr=2398604052"
"550","90.546163","172.19.0.7","172.19.0.8","TCP","81","8088  >  56716 [PSH, ACK] Seq=1317 Ack=367 Win=509 Len=15 TSval=2801655594 TSecr=2463326286"
"551","90.546413","172.19.0.7","172.19.0.6","TCP","70","48876  >  8088 [PSH, ACK] Seq=367 Ack=1332 Win=502 Len=4 TSval=2398605052 TSecr=1216144451 [TCP segment of a reassembled PDU]"
"552","90.546553","172.19.0.6","172.19.0.7","TCP","66","8088  >  48876 [ACK] Seq=1332 Ack=371 Win=509 Len=0 TSval=1216144452 TSecr=2398605052"
"553","90.546877","172.19.0.8","172.19.0.7","TCP","70","56716  >  8088 [PSH, ACK] Seq=367 Ack=1332 Win=502 Len=4 TSval=2463327285 TSecr=2801655594 [TCP segment of a reassembled PDU]"
"554","90.546929","172.19.0.7","172.19.0.8","TCP","66","8088  >  56716 [ACK] Seq=1332 Ack=371 Win=509 Len=0 TSval=2801655594 TSecr=2463327285"
"555","91.546881","172.19.0.6","172.19.0.7","TCP","81","8088  >  48876 [PSH, ACK] Seq=1332 Ack=371 Win=509 Len=15 TSval=1216145452 TSecr=2398605052"
"556","91.547324","172.19.0.7","172.19.0.8","TCP","81","8088  >  56716 [PSH, ACK] Seq=1332 Ack=371 Win=509 Len=15 TSval=2801656595 TSecr=2463327285"
"557","91.547466","172.19.0.7","172.19.0.6","TCP","70","48876  >  8088 [PSH, ACK] Seq=371 Ack=1347 Win=502 Len=4 TSval=2398606053 TSecr=1216145452 [TCP segment of a reassembled PDU]"
"558","91.547879","172.19.0.6","172.19.0.7","TCP","66","8088  >  48876 [ACK] Seq=1347 Ack=375 Win=509 Len=0 TSval=1216145453 TSecr=2398606053"
"559","91.548489","172.19.0.8","172.19.0.7","TCP","70","56716  >  8088 [PSH, ACK] Seq=371 Ack=1347 Win=502 Len=4 TSval=2463328287 TSecr=2801656595 [TCP segment of a reassembled PDU]"
"560","91.548515","172.19.0.7","172.19.0.8","TCP","66","8088  >  56716 [ACK] Seq=1347 Ack=375 Win=509 Len=0 TSval=2801656596 TSecr=2463328287"
"561","92.549927","172.19.0.6","172.19.0.7","TCP","81","8088  >  48876 [PSH, ACK] Seq=1347 Ack=375 Win=509 Len=15 TSval=1216146455 TSecr=2398606053"
"562","92.550266","172.19.0.7","172.19.0.8","TCP","81","8088  >  56716 [PSH, ACK] Seq=1347 Ack=375 Win=509 Len=15 TSval=2801657598 TSecr=2463328287"
"563","92.550443","172.19.0.7","172.19.0.6","TCP","70","48876  >  8088 [PSH, ACK] Seq=375 Ack=1362 Win=502 Len=4 TSval=2398607056 TSecr=1216146455 [TCP segment of a reassembled PDU]"
"564","92.550553","172.19.0.6","172.19.0.7","TCP","66","8088  >  48876 [ACK] Seq=1362 Ack=379 Win=509 Len=0 TSval=1216146456 TSecr=2398607056"
"565","92.551127","172.19.0.8","172.19.0.7","TCP","70","56716  >  8088 [PSH, ACK] Seq=375 Ack=1362 Win=502 Len=4 TSval=2463329290 TSecr=2801657598 [TCP segment of a reassembled PDU]"
"566","92.551154","172.19.0.7","172.19.0.8","TCP","66","8088  >  56716 [ACK] Seq=1362 Ack=379 Win=509 Len=0 TSval=2801657599 TSecr=2463329290"
"567","93.549534","172.19.0.6","172.19.0.7","TCP","80","8088  >  48876 [PSH, ACK] Seq=1362 Ack=379 Win=509 Len=14 TSval=1216147455 TSecr=2398607056 [TCP segment of a reassembled PDU]"
"568","93.550430","172.19.0.7","172.19.0.8","TCP","80","8088  >  56716 [PSH, ACK] Seq=1362 Ack=379 Win=509 Len=14 TSval=2801658598 TSecr=2463329290 [TCP segment of a reassembled PDU]"
"569","93.550691","172.19.0.7","172.19.0.6","TCP","70","48876  >  8088 [PSH, ACK] Seq=379 Ack=1376 Win=502 Len=4 TSval=2398608056 TSecr=1216147455 [TCP segment of a reassembled PDU]"
"570","93.550906","172.19.0.6","172.19.0.7","TCP","66","8088  >  48876 [ACK] Seq=1376 Ack=383 Win=509 Len=0 TSval=1216147456 TSecr=2398608056"
"571","93.552384","172.19.0.8","172.19.0.7","TCP","70","56716  >  8088 [PSH, ACK] Seq=379 Ack=1376 Win=502 Len=4 TSval=2463330291 TSecr=2801658598 [TCP segment of a reassembled PDU]"
"572","93.552428","172.19.0.7","172.19.0.8","TCP","66","8088  >  56716 [ACK] Seq=1376 Ack=383 Win=509 Len=0 TSval=2801658600 TSecr=2463330291"
"573","94.549893","172.19.0.6","172.19.0.7","TCP","81","8088  >  48876 [PSH, ACK] Seq=1376 Ack=383 Win=509 Len=15 TSval=1216148455 TSecr=2398608056"
"574","94.550090","172.19.0.7","172.19.0.8","TCP","81","8088  >  56716 [PSH, ACK] Seq=1376 Ack=383 Win=509 Len=15 TSval=2801659598 TSecr=2463330291"
"575","94.550516","172.19.0.7","172.19.0.6","TCP","70","48876  >  8088 [PSH, ACK] Seq=383 Ack=1391 Win=502 Len=4 TSval=2398609056 TSecr=1216148455 [TCP segment of a reassembled PDU]"
"576","94.550591","172.19.0.6","172.19.0.7","TCP","66","8088  >  48876 [ACK] Seq=1391 Ack=387 Win=509 Len=0 TSval=1216148456 TSecr=2398609056"
"577","94.550788","172.19.0.8","172.19.0.7","TCP","70","56716  >  8088 [PSH, ACK] Seq=383 Ack=1391 Win=502 Len=4 TSval=2463331289 TSecr=2801659598 [TCP segment of a reassembled PDU]"
"578","94.550812","172.19.0.7","172.19.0.8","TCP","66","8088  >  56716 [ACK] Seq=1391 Ack=387 Win=509 Len=0 TSval=2801659598 TSecr=2463331289"
"579","95.553177","172.19.0.6","172.19.0.7","TCP","81","8088  >  48876 [PSH, ACK] Seq=1391 Ack=387 Win=509 Len=15 TSval=1216149459 TSecr=2398609056"
"580","95.553512","172.19.0.7","172.19.0.8","TCP","81","8088  >  56716 [PSH, ACK] Seq=1391 Ack=387 Win=509 Len=15 TSval=2801660601 TSecr=2463331289"
"581","95.553829","172.19.0.7","172.19.0.6","TCP","70","48876  >  8088 [PSH, ACK] Seq=387 Ack=1406 Win=502 Len=4 TSval=2398610059 TSecr=1216149459 [TCP segment of a reassembled PDU]"
"582","95.553986","172.19.0.6","172.19.0.7","TCP","66","8088  >  48876 [ACK] Seq=1406 Ack=391 Win=509 Len=0 TSval=1216149459 TSecr=2398610059"
"583","95.554012","172.19.0.8","172.19.0.7","TCP","70","56716  >  8088 [PSH, ACK] Seq=387 Ack=1406 Win=502 Len=4 TSval=2463332293 TSecr=2801660601 [TCP segment of a reassembled PDU]"
"584","95.554033","172.19.0.7","172.19.0.8","TCP","66","8088  >  56716 [ACK] Seq=1406 Ack=391 Win=509 Len=0 TSval=2801660602 TSecr=2463332293"
"585","96.552607","172.19.0.6","172.19.0.7","TCP","81","8088  >  48876 [PSH, ACK] Seq=1406 Ack=391 Win=509 Len=15 TSval=1216150458 TSecr=2398610059"
"586","96.552912","172.19.0.7","172.19.0.8","TCP","81","8088  >  56716 [PSH, ACK] Seq=1406 Ack=391 Win=509 Len=15 TSval=2801661600 TSecr=2463332293"
"587","96.553059","172.19.0.7","172.19.0.6","TCP","70","48876  >  8088 [PSH, ACK] Seq=391 Ack=1421 Win=502 Len=4 TSval=2398611059 TSecr=1216150458 [TCP segment of a reassembled PDU]"
"588","96.553162","172.19.0.6","172.19.0.7","TCP","66","8088  >  48876 [ACK] Seq=1421 Ack=395 Win=509 Len=0 TSval=1216150459 TSecr=2398611059"
"589","96.553540","172.19.0.8","172.19.0.7","TCP","70","56716  >  8088 [PSH, ACK] Seq=391 Ack=1421 Win=502 Len=4 TSval=2463333292 TSecr=2801661600 [TCP segment of a reassembled PDU]"
"590","96.553566","172.19.0.7","172.19.0.8","TCP","66","8088  >  56716 [ACK] Seq=1421 Ack=395 Win=509 Len=0 TSval=2801661601 TSecr=2463333292"
"591","97.554763","172.19.0.6","172.19.0.7","TCP","81","8088  >  48876 [PSH, ACK] Seq=1421 Ack=395 Win=509 Len=15 TSval=1216151460 TSecr=2398611059"
"592","97.555312","172.19.0.7","172.19.0.8","TCP","81","8088  >  56716 [PSH, ACK] Seq=1421 Ack=395 Win=509 Len=15 TSval=2801662603 TSecr=2463333292"
"593","97.555502","172.19.0.7","172.19.0.6","TCP","70","48876  >  8088 [PSH, ACK] Seq=395 Ack=1436 Win=502 Len=4 TSval=2398612061 TSecr=1216151460 [TCP segment of a reassembled PDU]"
"594","97.555572","172.19.0.6","172.19.0.7","TCP","66","8088  >  48876 [ACK] Seq=1436 Ack=399 Win=509 Len=0 TSval=1216151461 TSecr=2398612061"
"595","97.556122","172.19.0.8","172.19.0.7","TCP","70","56716  >  8088 [PSH, ACK] Seq=395 Ack=1436 Win=502 Len=4 TSval=2463334295 TSecr=2801662603 [TCP segment of a reassembled PDU]"
"596","97.556144","172.19.0.7","172.19.0.8","TCP","66","8088  >  56716 [ACK] Seq=1436 Ack=399 Win=509 Len=0 TSval=2801662604 TSecr=2463334295"
"597","98.555006","172.19.0.6","172.19.0.7","TCP","81","8088  >  48876 [PSH, ACK] Seq=1436 Ack=399 Win=509 Len=15 TSval=1216152461 TSecr=2398612061"
"598","98.555447","172.19.0.7","172.19.0.8","TCP","81","8088  >  56716 [PSH, ACK] Seq=1436 Ack=399 Win=509 Len=15 TSval=2801663603 TSecr=2463334295"
"599","98.555544","172.19.0.7","172.19.0.6","TCP","70","48876  >  8088 [PSH, ACK] Seq=399 Ack=1451 Win=502 Len=4 TSval=2398613061 TSecr=1216152461 [TCP segment of a reassembled PDU]"
"600","98.555662","172.19.0.6","172.19.0.7","TCP","66","8088  >  48876 [ACK] Seq=1451 Ack=403 Win=509 Len=0 TSval=1216152461 TSecr=2398613061"
"601","98.556272","172.19.0.8","172.19.0.7","TCP","70","56716  >  8088 [PSH, ACK] Seq=399 Ack=1451 Win=502 Len=4 TSval=2463335295 TSecr=2801663603 [TCP segment of a reassembled PDU]"
"602","98.556293","172.19.0.7","172.19.0.8","TCP","66","8088  >  56716 [ACK] Seq=1451 Ack=403 Win=509 Len=0 TSval=2801663604 TSecr=2463335295"
"603","99.556616","172.19.0.6","172.19.0.7","TCP","81","8088  >  48876 [PSH, ACK] Seq=1451 Ack=403 Win=509 Len=15 TSval=1216153462 TSecr=2398613061"
"604","99.557036","172.19.0.7","172.19.0.8","TCP","81","8088  >  56716 [PSH, ACK] Seq=1451 Ack=403 Win=509 Len=15 TSval=2801664605 TSecr=2463335295"
"605","99.557132","172.19.0.7","172.19.0.6","TCP","70","48876  >  8088 [PSH, ACK] Seq=403 Ack=1466 Win=502 Len=4 TSval=2398614063 TSecr=1216153462 [TCP segment of a reassembled PDU]"
"606","99.557251","172.19.0.6","172.19.0.7","TCP","66","8088  >  48876 [ACK] Seq=1466 Ack=407 Win=509 Len=0 TSval=1216153463 TSecr=2398614063"
"607","99.557432","172.19.0.8","172.19.0.7","TCP","70","56716  >  8088 [PSH, ACK] Seq=403 Ack=1466 Win=502 Len=4 TSval=2463336296 TSecr=2801664605 [TCP segment of a reassembled PDU]"
"608","99.557467","172.19.0.7","172.19.0.8","TCP","66","8088  >  56716 [ACK] Seq=1466 Ack=407 Win=509 Len=0 TSval=2801664605 TSecr=2463336296"
"609","100.557257","172.19.0.6","172.19.0.7","TCP","81","8088  >  48876 [PSH, ACK] Seq=1466 Ack=407 Win=509 Len=15 TSval=1216154463 TSecr=2398614063"
"610","100.557436","172.19.0.7","172.19.0.8","TCP","81","8088  >  56716 [PSH, ACK] Seq=1466 Ack=407 Win=509 Len=15 TSval=2801665605 TSecr=2463336296"
"611","100.557599","172.19.0.7","172.19.0.6","TCP","70","48876  >  8088 [PSH, ACK] Seq=407 Ack=1481 Win=502 Len=4 TSval=2398615063 TSecr=1216154463 [TCP segment of a reassembled PDU]"
"612","100.557683","172.19.0.6","172.19.0.7","TCP","66","8088  >  48876 [ACK] Seq=1481 Ack=411 Win=509 Len=0 TSval=1216154463 TSecr=2398615063"
"613","100.558316","172.19.0.8","172.19.0.7","TCP","70","56716  >  8088 [PSH, ACK] Seq=407 Ack=1481 Win=502 Len=4 TSval=2463337297 TSecr=2801665605 [TCP segment of a reassembled PDU]"
"614","100.558349","172.19.0.7","172.19.0.8","TCP","66","8088  >  56716 [ACK] Seq=1481 Ack=411 Win=509 Len=0 TSval=2801665606 TSecr=2463337297"
"615","101.557776","172.19.0.6","172.19.0.7","TCP","81","8088  >  48876 [PSH, ACK] Seq=1481 Ack=411 Win=509 Len=15 TSval=1216155463 TSecr=2398615063"
"616","101.557976","172.19.0.7","172.19.0.8","TCP","81","8088  >  56716 [PSH, ACK] Seq=1481 Ack=411 Win=509 Len=15 TSval=2801666605 TSecr=2463337297"
"617","101.558073","172.19.0.7","172.19.0.6","TCP","70","48876  >  8088 [PSH, ACK] Seq=411 Ack=1496 Win=502 Len=4 TSval=2398616064 TSecr=1216155463 [TCP segment of a reassembled PDU]"
"618","101.558151","172.19.0.6","172.19.0.7","TCP","66","8088  >  48876 [ACK] Seq=1496 Ack=415 Win=509 Len=0 TSval=1216155464 TSecr=2398616064"
"619","101.558940","172.19.0.8","172.19.0.7","TCP","70","56716  >  8088 [PSH, ACK] Seq=411 Ack=1496 Win=502 Len=4 TSval=2463338297 TSecr=2801666605 [TCP segment of a reassembled PDU]"
"620","101.558961","172.19.0.7","172.19.0.8","TCP","66","8088  >  56716 [ACK] Seq=1496 Ack=415 Win=509 Len=0 TSval=2801666606 TSecr=2463338297"
"621","105.392295","172.19.0.6","172.19.0.7","TCP","68","59638  >  8088 [PSH, ACK] Seq=3 Ack=3 Win=502 Len=2 TSval=1216159298 TSecr=2398559915"
"622","105.392491","172.19.0.7","172.19.0.6","TCP","68","8088  >  59638 [PSH, ACK] Seq=3 Ack=5 Win=509 Len=2 TSval=2398619898 TSecr=1216159298"
"623","105.392561","172.19.0.6","172.19.0.7","TCP","66","59638  >  8088 [ACK] Seq=5 Ack=5 Win=502 Len=0 TSval=1216159298 TSecr=2398619898"
"624","105.392659","172.19.0.7","172.19.0.8","TCP","68","60058  >  8088 [PSH, ACK] Seq=3 Ack=3 Win=502 Len=2 TSval=2801670440 TSecr=2463282148"
"625","105.393409","172.19.0.8","172.19.0.7","TCP","68","8088  >  60058 [PSH, ACK] Seq=3 Ack=5 Win=509 Len=2 TSval=2463342132 TSecr=2801670440"
"626","105.393456","172.19.0.7","172.19.0.8","TCP","66","60058  >  8088 [ACK] Seq=5 Ack=5 Win=502 Len=0 TSval=2801670441 TSecr=2463342132"
